AdvancedOptions	1
BattlezData	1
Blowfish	1
BootyMessages	1
ButeMgr	5
ButeNode	1
ChatBox	2
ChatBoxOwner	1
CmdScrollApply	1
Dialogs	6
Fader	5
GameLevel	10
GameWnd	3
GruntzApp	4
GruntzMgr	22
KeyedList	1
KitchenSlime	1
LevelPreview	1
LightFx	1
MenuPage	2
ModeObjInit	1
Play	21
PlayMessageImage	1
RegistryHelper	2
RezBufferObjectDtor	1
SBI_RectOnly	13
SBI_RectOnlyBase	1
SaveGame	2
ScatterSamples	1
SpotLightCtor	1
SpriteLoaders	1
SpriteRefTable	2
StateImages	1
StatusBarSpriteActs	1
SymTab	1
ToobSpikez	1
WwdFactoryObject	1
WwdGrid	1
(interleave-pairs)	8561
