rva,name,unit,size,kind
0x185320,_uncompress,uncompr,,func
0x185a10,_inflateReset,inflate,,func
0x185a60,_inflateEnd,inflate,,func
0x185ab0,_inflateInit2_,inflate,,func
0x185bc0,_inflateInit_,inflate,,func
0x185be0,_inflate,inflate,,func
0x186010,_inflateSetDictionary,inflate,,func
0x1860a0,_inflateSync,inflate,,func
0x186af0,_deflate_stored,deflate,,func
0x186c00,_fill_window,deflate,,func
0x186d30,_read_buf,deflate,,func
0x186db0,_deflate_fast,deflate,,func
0x187000,_longest_match,deflate,,func
0x187170,_deflate_slow,deflate,,func
0x187490,_inflate_blocks_reset,infblock,,func
0x187530,_inflate_blocks_new,infblock,,func
0x1875a0,_inflate_blocks,infblock,,func
0x188250,_inflate_blocks_free,infblock,,func
0x188290,_inflate_set_dictionary,infblock,,func
0x1882d0,_adler32,adler32,,func
0x188410,_zcalloc,zutil,,func
0x188430,_zcfree,zutil,,func
0x1886b0,_init_block,trees,,func
0x188720,_gen_codes,trees,,func
0x1887a0,__tr_stored_block,trees,,func
0x188ad0,__tr_flush_block,trees,,func
0x188d00,_build_tree,trees,,func
0x188f40,_pqdownheap,trees,,func
0x189000,_gen_bitlen,trees,,func
0x189230,_build_bl_tree,trees,,func
0x1892b0,_scan_tree,trees,,func
0x1893a0,_send_all_trees,trees,,func
0x189610,_send_tree,trees,,func
0x189b90,__tr_tally,trees,,func
0x189cb0,_compress_block,trees,,func
0x18a100,_set_data_type,trees,,func
0x18a170,_bi_reverse,trees,,func
0x18a220,_bi_windup,trees,,func
0x18a290,_copy_block,trees,,func
0x18a330,_inflate_trees_bits,inftrees,,func
0x18a390,_huft_build,inftrees,,func
0x18a850,_inflate_trees_dynamic,inftrees,,func
0x18a940,_inflate_trees_fixed,inftrees,,func
0x18aa90,_falloc,inftrees,,func
0x18aab0,_inflate_trees_free,inftrees,,func
0x18aaf0,_inflate_codes_new,infcodes,,func
0x18ab30,_inflate_codes,infcodes,,func
0x18b2e0,_inflate_codes_free,infcodes,,func
0x18b300,_inflate_flush,infutil,,func
0x18b440,_inflate_fast,inffast,,func
