category	rva	size	status	raw_name	normalized_name	api_evidence
winapi	0x00afb0	264	tracked	?AdvancedOptionsDialogProc@@YGHPAXIIJ@Z	?AdvancedOptionsDialogProc@@YGHPAUHWND__@@IIJ@Z	BringWindowToTop;EndDialog;IsIconic;LoadIconA;SendMessageA;SetForegroundWindow;ShowWindow
winapi	0x00b110	50	tracked	?SaveOption@@YAXPAXPAVRegistryHelper@Utils@@PADK@Z	?SaveOption@@YAXPAUHWND__@@PAVRegistryHelper@Utils@@PADK@Z	IsDlgButtonChecked
winapi	0x00c840	317	greenfield	FUN_0040c840	FUN_0040c840	CopyRect;SetRect
winapi	0x00cd00	70	greenfield	FUN_0040cd00	FUN_0040cd00	timeGetTime
winapi	0x00cd70	229	greenfield	FUN_0040cd70	FUN_0040cd70	timeGetTime
winapi	0x0143e0	251	greenfield	FUN_004143e0	FUN_004143e0	PostMessageA
winapi	0x014720	55	greenfield	FUN_00414720	FUN_00414720	PostMessageA
winapi	0x014d00	2664	greenfield	FUN_00414d00	FUN_00414d00	GetWindow;GetWindowLongA;SetWindowLongA
winapi	0x015cc0	35	greenfield	FUN_00415cc0	FUN_00415cc0	SendMessageA
winapi	0x015d00	32	greenfield	FUN_00415d00	FUN_00415d00	SendMessageA
winapi	0x015d30	33	greenfield	FUN_00415d30	FUN_00415d30	SendMessageA
winapi	0x015d70	36	greenfield	FUN_00415d70	FUN_00415d70	SendMessageA
winapi	0x015fe0	190	greenfield	FUN_00415fe0	FUN_00415fe0	SendMessageA
winapi	0x0160f0	581	greenfield	FUN_004160f0	FUN_004160f0	CreateSolidBrush;FillRect;GetClientRect
winapi	0x016cd0	152	greenfield	FUN_00416cd0	FUN_00416cd0	InvalidateRect
winapi	0x016dc0	151	greenfield	FUN_00416dc0	FUN_00416dc0	InvalidateRect
winapi	0x016e90	152	greenfield	FUN_00416e90	FUN_00416e90	InvalidateRect
winapi	0x016f60	152	greenfield	FUN_00416f60	FUN_00416f60	InvalidateRect
winapi	0x017030	193	greenfield	FUN_00417030	FUN_00417030	GetWindow
winapi	0x0171b0	202	greenfield	FUN_004171b0	FUN_004171b0	GetWindow;SendMessageA
winapi	0x0180e0	575	greenfield	FUN_004180e0	FUN_004180e0	SendMessageA
winapi	0x0183f0	46	greenfield	FUN_004183f0	FUN_004183f0	SendMessageA
winapi	0x019f50	178	greenfield	FUN_00419f50	FUN_00419f50	timeGetTime
winapi	0x01a700	1718	greenfield	FUN_0041a700	FUN_0041a700	CopyRect
winapi	0x01b690	1983	tracked	?UpdateBootyWalkingGruntz@EngineLabelBacklog@@YAXXZ	?UpdateBootyWalkingGruntz@EngineLabelBacklog@@YAXXZ	timeGetTime
winapi	0x01c210	1205	tracked	?CheckWarpLetterBonus@EngineLabelBacklog@@YAXXZ	?CheckWarpLetterBonus@EngineLabelBacklog@@YAXXZ	SetRect;timeGetTime
winapi	0x01c9d0	849	tracked	?ShowLevelCompleteMessage@EngineLabelBacklog@@YAXXZ	?ShowLevelCompleteMessage@EngineLabelBacklog@@YAXXZ	SetRect
winapi	0x01ce60	1104	tracked	?BuildBootyGruntIdleAnimation@EngineLabelBacklog@@YAXXZ	?BuildBootyGruntIdleAnimation@EngineLabelBacklog@@YAXXZ	PostMessageA
winapi	0x01f8a0	48	greenfield	FUN_0041f8a0	FUN_0041f8a0	PostMessageA
winapi	0x01f9b0	722	tracked	?StartUpPrompt@EngineLabelBacklog@@YAXXZ	?StartUpPrompt@EngineLabelBacklog@@YAXXZ	GetCurrentDirectoryA;MessageBoxA;Sleep
winapi	0x01fd70	69	tracked	?Stub_01fd70@EngineLabelBacklog@@YAXXZ	?Stub_01fd70@EngineLabelBacklog@@YAXXZ	OpenFile
winapi	0x01fde0	393	tracked	?CheckCdRomRegistry@WinAPI@Utils@@YADXZ	?CheckCdRomRegistry@WinAPI@Utils@@YADXZ	GetCurrentDirectoryA
winapi	0x020f40	392	tracked	?LoadChatBoxSprite@EngineLabelBacklog@@YAXXZ	?LoadChatBoxSprite@EngineLabelBacklog@@YAXXZ	SetBkColor;SetBkMode;SetTextColor
winapi	0x021f20	354	greenfield	FUN_00421f20	FUN_00421f20	DrawTextA
winapi	0x022160	398	greenfield	FUN_00422160	FUN_00422160	GetAsyncKeyState;SelectObject
winapi	0x022360	756	greenfield	FUN_00422360	FUN_00422360	DrawTextA;SelectObject;SetTextColor
winapi	0x022810	554	greenfield	FUN_00422810	FUN_00422810	DrawTextA;SelectObject;SetBkColor;SetBkMode;SetTextColor
winapi	0x022e60	446	tracked	?LoadCheatConfig@EngineLabelBacklog@@YAXXZ	?LoadCheatConfig@EngineLabelBacklog@@YAXXZ	GetLocalTime
winapi	0x023090	252	greenfield	FUN_00423090	FUN_00423090	PostMessageA
winapi	0x0267c0	10269	greenfield	FUN_004267c0	FUN_004267c0	IntersectRect;PtInRect
winapi	0x02a570	1222	greenfield	FUN_0042a570	FUN_0042a570	IntersectRect
winapi	0x02ab80	350	greenfield	FUN_0042ab80	FUN_0042ab80	PtInRect
winapi	0x02ae00	1070	greenfield	FUN_0042ae00	FUN_0042ae00	IntersectRect
winapi	0x02b340	170	greenfield	FUN_0042b340	FUN_0042b340	IntersectRect
winapi	0x02c140	999	greenfield	FUN_0042c140	FUN_0042c140	IntersectRect;PtInRect
winapi	0x02c690	3508	greenfield	FUN_0042c690	FUN_0042c690	IntersectRect
winapi	0x02dfa0	805	greenfield	FUN_0042dfa0	FUN_0042dfa0	IntersectRect
winapi	0x02e3a0	2017	greenfield	FUN_0042e3a0	FUN_0042e3a0	PtInRect
winapi	0x031ca0	754	greenfield	FUN_00431ca0	FUN_00431ca0	IntersectRect
winapi	0x032060	1981	greenfield	FUN_00432060	FUN_00432060	IntersectRect
winapi	0x032ce0	1096	greenfield	FUN_00432ce0	FUN_00432ce0	IntersectRect
winapi	0x033520	3011	greenfield	FUN_00433520	FUN_00433520	IntersectRect
winapi	0x036d00	64	greenfield	FUN_00436d00	FUN_00436d00	EnableWindow;GetDlgItem;IsDlgButtonChecked
winapi	0x036d50	60	greenfield	FUN_00436d50	FUN_00436d50	EnableWindow;GetDlgItem;IsDlgButtonChecked
winapi	0x036da0	64	greenfield	FUN_00436da0	FUN_00436da0	EnableWindow;GetDlgItem;IsDlgButtonChecked
winapi	0x036e10	38	greenfield	FUN_00436e10	FUN_00436e10	IsDlgButtonChecked
winapi	0x036ec0	65	greenfield	FUN_00436ec0	FUN_00436ec0	GetDlgItem;GetScrollInfo
winapi	0x036f30	276	tracked	?LoadVideoResolutionConfig@@YAXPAXHH@Z	?LoadVideoResolutionConfig@@YAXPAXHH@Z	SendMessageA;SetWindowTextA
winapi	0x0370a0	241	tracked	?SaveVideoResolutionConfig@@YAXPAX0@Z	?SaveVideoResolutionConfig@@YAXPAX0@Z	GetDlgItem;SendMessageA;SetWindowTextA
winapi	0x0371e0	91	greenfield	FUN_004371e0	FUN_004371e0	GetDlgItem;SetScrollInfo
winapi	0x037260	509	greenfield	FUN_00437260	FUN_00437260	GetScrollInfo;SetScrollInfo
winapi	0x037ff0	231	greenfield	FUN_00437ff0	FUN_00437ff0	GetDlgItem;SendMessageA
winapi	0x038150	145	greenfield	FUN_00438150	FUN_00438150	GetDlgItem
winapi	0x038220	115	greenfield	FUN_00438220	FUN_00438220	GetDlgItem
winapi	0x0391d0	380	tracked	?Render@CCreditsState@@UAEHXZ	?Render@CCreditsState@@UAEHXZ	PostMessageA
winapi	0x039440	70	greenfield	FUN_00439440	FUN_00439440	PostMessageA
winapi	0x0394b0	134	greenfield	FUN_004394b0	FUN_004394b0	PostMessageA;PtInRect
winapi	0x0396f0	696	greenfield	FUN_004396f0	FUN_004396f0	SelectClipRgn;SetBkMode
winapi	0x039a60	377	greenfield	FUN_00439a60	FUN_00439a60	CreateRectRgn;DrawTextA;SetRect
winapi	0x03af90	404	greenfield	FUN_0043af90	FUN_0043af90	GetDlgItem;SendMessageA
winapi	0x03b1a0	280	greenfield	FUN_0043b1a0	FUN_0043b1a0	GetDlgItem
winapi	0x03b310	269	greenfield	FUN_0043b310	FUN_0043b310	GetDlgItem
winapi	0x03b7c0	300	tracked	?LoadCustomWorldInfo@EngineLabelBacklog@@YAXXZ	?LoadCustomWorldInfo@EngineLabelBacklog@@YAXXZ	DialogBoxParamA;GetDlgItem
winapi	0x04a9f0	426	greenfield	FUN_0044a9f0	FUN_0044a9f0	CopyRect;OffsetRect
winapi	0x04d800	1059	greenfield	FUN_0044d800	FUN_0044d800	CopyRect
winapi	0x057db0	2296	greenfield	FUN_00457db0	FUN_00457db0	IntersectRect
winapi	0x064540	284	greenfield	FUN_00464540	FUN_00464540	PostMessageA
winapi	0x075c60	442	greenfield	FUN_00475c60	FUN_00475c60	CopyRect;SetRect
winapi	0x075e90	4905	tracked	?LoadTerrainTileSprites@EngineLabelBacklog@@YAXXZ	?LoadTerrainTileSprites@EngineLabelBacklog@@YAXXZ	PtInRect
winapi	0x077df0	317	greenfield	FUN_00477df0	FUN_00477df0	PtInRect
winapi	0x078060	397	greenfield	FUN_00478060	FUN_00478060	SetRect
winapi	0x07b440	1008	tracked	?BuildRockBreakParticles@EngineLabelBacklog@@YAXXZ	?BuildRockBreakParticles@EngineLabelBacklog@@YAXXZ	PtInRect
winapi	0x07be60	542	tracked	?LoadGruntResurrectTuning@EngineLabelBacklog@@YAXXZ	?LoadGruntResurrectTuning@EngineLabelBacklog@@YAXXZ	PtInRect
winapi	0x080ac0	243	tracked	?ShowError@CGruntzApp@@UAEXXZ	?ShowError@CGruntzApp@@UAEXXZ	DialogBoxParamA
winapi	0x080c00	72	tracked	?ShowMessage@CGruntzApp@@QAEXPADPAX@Z	?ShowMessage@CGruntzApp@@QAEXPADPAUHWND__@@@Z	DialogBoxParamA
winapi	0x080c70	85	tracked	?ErrorDialogProc@CGruntzApp@@SGHPAXIIJ@Z	?ErrorDialogProc@CGruntzApp@@SGHPAUHWND__@@IIJ@Z	EndDialog;SetDlgItemTextA
directx-wrapper-caller	0x083450	6445	tracked	?Init@RezSync@@QAEXXZ	?Init@RezSync@@QAEXXZ	calls 0x132ce0 (DirectInputCreateA)
winapi	0x083450	6445	tracked	?Init@RezSync@@QAEXXZ	?Init@RezSync@@QAEXXZ	GetTickCount;timeGetTime
winapi	0x0861e0	197	greenfield	FUN_004861e0	FUN_004861e0	timeGetTime
winapi	0x0862f0	15706	greenfield	FUN_004862f0	FUN_004862f0	PostMessageA;wsprintfA
winapi	0x08c380	30	greenfield	FUN_0048c380	FUN_0048c380	SetRect
winapi	0x08e3a0	148	greenfield	FUN_0048e3a0	FUN_0048e3a0	SetRect
winapi	0x08e470	80	tracked	?HandleDebugPosition@RezMgr@@QAEHXZ	?HandleDebugPosition@RezMgr@@QAEHXZ	PostMessageA
winapi	0x08e4e0	370	tracked	?WarpDialogProc@@YGHPAXIIJ@Z	?WarpDialogProc@@YGHPAXIIJ@Z	EndDialog;IsDlgButtonChecked
winapi	0x08e6c0	133	greenfield	FUN_0048e6c0	FUN_0048e6c0	SendMessageA
directx	0x08eca0	356	tracked	?InitializeLobbyConnectionSettings@CGruntzMgr@@QAEHXZ	?InitializeLobbyConnectionSettings@CGruntzMgr@@QAEHXZ	DPLAYX.#4_DirectPlayLobbyCreate
winapi	0x08ee70	124	greenfield	FUN_0048ee70	FUN_0048ee70	MessageBoxA
winapi	0x08f120	360	greenfield	FUN_0048f120	FUN_0048f120	CreateProcessA;RegQueryValueA
winapi	0x08f340	246	greenfield	FUN_0048f340	FUN_0048f340	PostMessageA
winapi	0x08f480	73	greenfield	FUN_0048f480	FUN_0048f480	PostMessageA
winapi	0x08f530	189	greenfield	FUN_0048f530	FUN_0048f530	PostMessageA
winapi	0x08f620	81	tracked	?PerFrameTick@CGruntzMgr@@QAEXXZ	?PerFrameTick@CGruntzMgr@@QAEXXZ	timeGetTime
winapi	0x08ff30	458	tracked	?BuildMoviePath@CGruntzMgr@@QAE?AVCString@@H@Z	?BuildMoviePath@CGruntzMgr@@QAE?AVCString@@H@Z	GetCurrentDirectoryA
winapi	0x090220	47	greenfield	FUN_00490220	FUN_00490220	PostMessageA
winapi	0x090260	318	greenfield	FUN_00490260	FUN_00490260	DialogBoxParamA
winapi	0x090860	211	greenfield	FUN_00490860	FUN_00490860	CreateProcessA;wsprintfA
winapi	0x091670	684	tracked	?MakeRezPath@RezMgr@@QAEHXZ	?MakeRezPath@RezMgr@@QAEHXZ	GetCurrentDirectoryA
winapi	0x092710	119	greenfield	FUN_00492710	FUN_00492710	PostMessageA
winapi	0x092ab0	525	greenfield	FUN_00492ab0	FUN_00492ab0	EndDialog
winapi	0x092f00	495	greenfield	FUN_00492f00	FUN_00492f00	PostMessageA
winapi	0x094bc0	49	greenfield	FUN_00494bc0	FUN_00494bc0	ValidateRect
winapi	0x0953f0	55	greenfield	FUN_004953f0	FUN_004953f0	PostMessageA
winapi	0x09dff0	140	greenfield	FUN_0049dff0	FUN_0049dff0	EndDialog
winapi	0x09e2d0	132	greenfield	FUN_0049e2d0	FUN_0049e2d0	SetDlgItemTextA
winapi	0x09e390	579	greenfield	FUN_0049e390	FUN_0049e390	EndDialog;PostMessageA
winapi	0x09ea60	360	greenfield	FUN_0049ea60	FUN_0049ea60	IntersectRect
winapi	0x0a0750	464	tracked	?Render@CMenuState@@UAEHXZ	?Render@CMenuState@@UAEHXZ	PostMessageA
winapi	0x0ab310	397	tracked	??0CSingleFrameMessage@@QAE@XZ	??0CSingleFrameMessage@@QAE@XZ	CopyRect
winapi	0x0b5460	2324	tracked	?Stub_0b5460@CNetMgr@@QAEXXZ	?Stub_0b5460@CNetMgr@@QAEXXZ	timeGetTime
winapi	0x0b6b40	670	greenfield	FUN_004b6b40	FUN_004b6b40	timeGetTime;wsprintfA
winapi	0x0b6e90	845	greenfield	FUN_004b6e90	FUN_004b6e90	SetRect
directx-wrapper-caller	0x0b77a0	181	greenfield	FUN_004b77a0	FUN_004b77a0	calls 0x1780b0 (DPLAYX.#1)
directx-wrapper-caller	0x0b78b0	383	tracked	?Stub_0b78b0@CNetMgr@@QAEXXZ	?Stub_0b78b0@CNetMgr@@QAEXXZ	calls 0x178280 (DPLAYX.#2)
winapi	0x0b7b10	636	tracked	?Stub_0b7b10@CNetMgr@@QAEXXZ	?Stub_0b7b10@CNetMgr@@QAEXXZ	EndDialog;MessageBeep;SendMessageA
winapi	0x0b7ec0	125	greenfield	FUN_004b7ec0	FUN_004b7ec0	LoadStringA
winapi	0x0b8cf0	571	tracked	?Stub_0b8cf0@CNetMgr@@QAEXXZ	?Stub_0b8cf0@CNetMgr@@QAEXXZ	GetDlgItem
winapi	0x0b9750	1870	tracked	?Stub_0b9750@CNetMgr@@QAEXXZ	?Stub_0b9750@CNetMgr@@QAEXXZ	PostMessageA;timeGetTime
winapi	0x0bad40	108	tracked	?OnMultiPause@CNetMgr@@QAEXXZ	?OnMultiPause@CNetMgr@@QAEXXZ	PostMessageA
winapi	0x0bae40	132	tracked	?OnOutOfSync@CNetMgr@@QAEXXZ	?OnOutOfSync@CNetMgr@@QAEXXZ	PostMessageA
winapi	0x0bb3e0	229	greenfield	FUN_004bb3e0	FUN_004bb3e0	GetWindowTextLengthA
winapi	0x0bb700	613	greenfield	FUN_004bb700	FUN_004bb700	GetAsyncKeyState;Sleep;timeGetTime;wsprintfA
winapi	0x0bba10	507	greenfield	FUN_004bba10	FUN_004bba10	Sleep
winapi	0x0bc070	115	tracked	?FrameSyncWait@CNetMgr@@QAEIXZ	?FrameSyncWait@CNetMgr@@QAEIXZ	timeGetTime
winapi	0x0bc110	246	tracked	?OnDropPlayer@CNetMgr@@QAEXXZ	?OnDropPlayer@CNetMgr@@QAEXXZ	PostMessageA
winapi	0x0bd0b0	154	tracked	?HandleVersionCheck@CNetMgr@@QAEXPAUCNetVersionMsg@@@Z	?HandleVersionCheck@CNetMgr@@QAEXPAUCNetVersionMsg@@@Z	PostMessageA;Sleep
winapi	0x0bda00	62	greenfield	FUN_004bda00	FUN_004bda00	GetDlgItem;SetTimer
winapi	0x0bdb90	62	greenfield	FUN_004bdb90	FUN_004bdb90	GetDlgItem;SetTimer
winapi	0x0bdc00	268	greenfield	FUN_004bdc00	FUN_004bdc00	EndDialog;KillTimer
winapi	0x0bdd60	62	greenfield	FUN_004bdd60	FUN_004bdd60	GetDlgItem;SetTimer
winapi	0x0bdfe0	62	greenfield	FUN_004bdfe0	FUN_004bdfe0	GetDlgItem;SetTimer
winapi	0x0be0a0	455	greenfield	FUN_004be0a0	FUN_004be0a0	EndDialog;KillTimer;PostMessageA
winapi	0x0be2f0	185	greenfield	FUN_004be2f0	FUN_004be2f0	GetDlgItem;SetDlgItemTextA;SetTimer
winapi	0x0be400	108	greenfield	FUN_004be400	FUN_004be400	GetWindowTextA;SetWindowTextA
winapi	0x0be490	132	greenfield	FUN_004be490	FUN_004be490	EndDialog;KillTimer
winapi	0x0be760	130	greenfield	FUN_004be760	FUN_004be760	GetDlgItem;SetDlgItemTextA;SetTimer
winapi	0x0bf1d0	585	tracked	?BuildGruntzCrcInfo@EngineLabelBacklog@@YAXXZ	?BuildGruntzCrcInfo@EngineLabelBacklog@@YAXXZ	wsprintfA
winapi	0x0c1840	366	greenfield	FUN_004c1840	FUN_004c1840	GetWindow;GetWindowLongA;SetWindowLongA
winapi	0x0c1aa0	760	greenfield	FUN_004c1aa0	FUN_004c1aa0	GetWindow;SendMessageA
winapi	0x0c20a0	1114	tracked	?InitPlayerSlots@CMultiStartDlg@@QAEXXZ	?InitPlayerSlots@CMultiStartDlg@@QAEXXZ	GetWindow
winapi	0x0c2980	40	greenfield	FUN_004c2980	FUN_004c2980	SendMessageA
winapi	0x0c2cb0	31	greenfield	FUN_004c2cb0	FUN_004c2cb0	SetTimer
winapi	0x0c2ce0	243	greenfield	FUN_004c2ce0	FUN_004c2ce0	GetWindowTextLengthA
winapi	0x0c2e20	541	greenfield	FUN_004c2e20	FUN_004c2e20	CreateSolidBrush;FillRect;GetClientRect
winapi	0x0c3e30	254	greenfield	FUN_004c3e30	FUN_004c3e30	SendMessageA
winapi	0x0c4230	910	greenfield	FUN_004c4230	FUN_004c4230	GetFocus;SendMessageA
winapi	0x0c46b0	881	greenfield	FUN_004c46b0	FUN_004c46b0	KillTimer;timeGetTime;wsprintfA
winapi	0x0c4ee0	51	greenfield	FUN_004c4ee0	FUN_004c4ee0	SendMessageA
winapi	0x0c4f30	51	greenfield	FUN_004c4f30	FUN_004c4f30	SendMessageA
winapi	0x0c4f80	51	greenfield	FUN_004c4f80	FUN_004c4f80	SendMessageA
winapi	0x0c4fd0	51	greenfield	FUN_004c4fd0	FUN_004c4fd0	SendMessageA
winapi	0x0c50f0	155	greenfield	FUN_004c50f0	FUN_004c50f0	SendMessageA
winapi	0x0c7ec0	1525	greenfield	FUN_004c7ec0	FUN_004c7ec0	timeGetTime
winapi	0x0c8a10	281	greenfield	FUN_004c8a10	FUN_004c8a10	GetCursorPos
winapi	0x0c8cf0	3092	tracked	?Render@CPlay@@UAEHXZ	?Render@CPlay@@UAEHXZ	CopyRect;SetRect;timeGetTime;wsprintfA
winapi	0x0ca200	3636	tracked	?LoadLevelByMode@EngineLabelBacklog@@YAXXZ	?LoadLevelByMode@EngineLabelBacklog@@YAXXZ	UpdateWindow;timeGetTime
winapi	0x0cbaf0	367	greenfield	FUN_004cbaf0	FUN_004cbaf0	PostMessageA
winapi	0x0cbcc0	5850	tracked	?vfunc_12@StatusBarItem@@QAEXXZ	?vfunc_12@StatusBarItem@@QAEXXZ	PostMessageA
winapi	0x0cdb10	2060	greenfield	FUN_004cdb10	FUN_004cdb10	PostMessageA
winapi	0x0ce660	866	tracked	?vfunc_16@StatusBarItem@@QAEXXZ	?vfunc_16@StatusBarItem@@QAEXXZ	SetRect
winapi	0x0ceae0	616	greenfield	FUN_004ceae0	FUN_004ceae0	PostMessageA
winapi	0x0cf770	862	tracked	?DrawDebugStats@EngineLabelBacklog@@YAXXZ	?DrawDebugStats@EngineLabelBacklog@@YAXXZ	CopyRect;DrawTextA;SetBkColor;SetBkMode;SetTextColor;TextOutA
winapi	0x0cfbd0	143	greenfield	FUN_004cfbd0	FUN_004cfbd0	PostMessageA
winapi	0x0d00a0	90	greenfield	FUN_004d00a0	FUN_004d00a0	CopyRect
winapi	0x0d0b30	512	greenfield	FUN_004d0b30	FUN_004d0b30	CopyRect
winapi	0x0d1710	290	tracked	?LoadSBITextEdges@EngineLabelBacklog@@YAXXZ	?LoadSBITextEdges@EngineLabelBacklog@@YAXXZ	SetRect
winapi	0x0d1890	442	tracked	?PlayCueAt@CPlay@@QAEXHHHHHHHH@Z	?PlayCueAt@CPlay@@QAEXHHHHHHHH@Z	SetRect
winapi	0x0d5f90	215	greenfield	FUN_004d5f90	FUN_004d5f90	SetRect
winapi	0x0d60b0	717	greenfield	FUN_004d60b0	FUN_004d60b0	wsprintfA
winapi	0x0d7220	123	greenfield	FUN_004d7220	FUN_004d7220	PostMessageA
winapi	0x0d7520	953	greenfield	FUN_004d7520	FUN_004d7520	wsprintfA
winapi	0x0d8c60	234	greenfield	FUN_004d8c60	FUN_004d8c60	SetRect
winapi	0x0d95f0	1878	greenfield	FUN_004d95f0	FUN_004d95f0	wsprintfA
winapi	0x0da200	155	greenfield	FUN_004da200	FUN_004da200	timeGetTime
winapi	0x0dca70	1188	tracked	?BuildAssetNamespacePrefixes@EngineLabelBacklog@@YAXXZ	?BuildAssetNamespacePrefixes@EngineLabelBacklog@@YAXXZ	CopyRect
winapi	0x0de590	46	greenfield	FUN_004de590	FUN_004de590	PostMessageA
winapi	0x0e35f0	119	greenfield	FUN_004e35f0	FUN_004e35f0	EndDialog
winapi	0x0e3a40	176	greenfield	FUN_004e3a40	FUN_004e3a40	EndDialog
winapi	0x0e3b20	134	greenfield	FUN_004e3b20	FUN_004e3b20	EndDialog
winapi	0x0e3be0	82	greenfield	FUN_004e3be0	FUN_004e3be0	EndDialog
winapi	0x0e3e80	134	greenfield	FUN_004e3e80	FUN_004e3e80	SetDlgItemTextA
winapi	0x0e3f40	982	tracked	?DrawSaveGameMenu@EngineLabelBacklog@@YAXXZ	?DrawSaveGameMenu@EngineLabelBacklog@@YAXXZ	EndDialog;GetDlgItemTextA
winapi	0x0e44e0	690	tracked	?BuildLevelTitleString@EngineLabelBacklog@@YAXXZ	?BuildLevelTitleString@EngineLabelBacklog@@YAXXZ	SetDlgItemTextA;wsprintfA
winapi	0x0e4850	41	greenfield	FUN_004e4850	FUN_004e4850	SetDlgItemTextA
winapi	0x0e6020	648	greenfield	FUN_004e6020	FUN_004e6020	SetRect
winapi	0x0ecc90	2154	greenfield	FUN_004ecc90	FUN_004ecc90	IntersectRect
winapi	0x0ed9f0	2269	greenfield	FUN_004ed9f0	FUN_004ed9f0	PtInRect
winapi	0x0ee800	2417	greenfield	FUN_004ee800	FUN_004ee800	IntersectRect;PtInRect
winapi	0x0f0e20	2344	greenfield	FUN_004f0e20	FUN_004f0e20	IntersectRect;PtInRect
winapi	0x0f36a0	1934	greenfield	FUN_004f36a0	FUN_004f36a0	IntersectRect
winapi	0x0f42f0	4499	greenfield	FUN_004f42f0	FUN_004f42f0	PtInRect
winapi	0x0f60f0	2864	greenfield	FUN_004f60f0	FUN_004f60f0	IntersectRect
winapi	0x0f8970	948	tracked	?SelectBestDevice@SFManager@@QAEXXZ	?SelectBestDevice@SFManager@@QAEXXZ	FreeLibrary;GetProcAddress;LoadLibraryA
winapi	0x0f8e20	86	greenfield	FUN_004f8e20	FUN_004f8e20	FreeLibrary
winapi	0x0f8f30	352	tracked	?BuildSoundFontPath@EngineLabelBacklog@@YAXXZ	?BuildSoundFontPath@EngineLabelBacklog@@YAXXZ	GetCurrentDirectoryA
winapi	0x0f90f0	69	tracked	?Stub_0f90f0@EngineLabelBacklog@@YAXXZ	?Stub_0f90f0@EngineLabelBacklog@@YAXXZ	OpenFile
winapi	0x0f9780	140	tracked	?LoadSounds@CSplashState@@QAEXXZ	?LoadSounds@CSplashState@@QAEXXZ	SetCursor
winapi	0x0fac70	76	greenfield	FUN_004fac70	FUN_004fac70	BeginPaint;EndPaint
winapi	0x0fdc00	1474	tracked	?LoadBattlezItemConfig@EngineLabelBacklog@@YAXXZ	?LoadBattlezItemConfig@EngineLabelBacklog@@YAXXZ	SetRect
winapi	0x0fe460	131	greenfield	FUN_004fe460	FUN_004fe460	SetRect
winapi	0x0fe520	169	greenfield	FUN_004fe520	FUN_004fe520	SetRect
winapi	0x0fe600	73	greenfield	FUN_004fe600	FUN_004fe600	SetRect
winapi	0x0fe910	2958	tracked	?UpdateStatusBarTabHighlight@EngineLabelBacklog@@YAXXZ	?UpdateStatusBarTabHighlight@EngineLabelBacklog@@YAXXZ	PostMessageA
winapi	0x107d00	1425	greenfield	FUN_00507d00	FUN_00507d00	SetRect
winapi	0x10a340	3019	tracked	??1CSBI_Image@@QAE@XZ	??1CSBI_Image@@QAE@XZ	CopyRect
winapi	0x110c10	3647	tracked	?LoadPyramidBridgeSprites@EngineLabelBacklog@@YAXXZ	?LoadPyramidBridgeSprites@EngineLabelBacklog@@YAXXZ	PtInRect
winapi	0x1122a0	577	tracked	?BuildRockBreakInGameText@EngineLabelBacklog@@YAXXZ	?BuildRockBreakInGameText@EngineLabelBacklog@@YAXXZ	PtInRect
winapi	0x114ff0	435	tracked	?SaveScreenshot@EngineLabelBacklog@@YAXXZ	?SaveScreenshot@EngineLabelBacklog@@YAXXZ	wsprintfA
winapi	0x115300	245	greenfield	FUN_00515300	FUN_00515300	SetRect
winapi	0x115930	347	greenfield	FUN_00515930	FUN_00515930	CopyRect;OffsetRect
winapi	0x115b30	21	greenfield	FUN_00515b30	FUN_00515b30	CopyRect
winapi	0x118930	21	greenfield	FUN_00518930	FUN_00518930	SetActiveWindow;SetFocus
winapi	0x1189c0	69	tracked	?FileExists@WinAPI@Utils@@YAHPAD@Z	?FileExists@WinAPI@Utils@@YAHPAD@Z	OpenFile
winapi	0x118b50	91	greenfield	FUN_00518b50	FUN_00518b50	OutputDebugStringA
winapi	0x118ce0	501	tracked	?Stub_118ce0@WinAPI@Utils@@YAXXZ	?Stub_118ce0@WinAPI@Utils@@YAXXZ	CloseHandle;GetModuleHandleA
winapi	0x118f60	308	tracked	?LegacyFindModule@WinAPI@Utils@@YAHKKPAXK@Z	?LegacyFindModule@WinAPI@Utils@@YAHKKPAXK@Z	CloseHandle;GetModuleHandleA
winapi	0x1192d0	57	greenfield	FUN_005192d0	FUN_005192d0	IsIconic
winapi	0x11b3b0	824	greenfield	FUN_0051b3b0	FUN_0051b3b0	timeGetTime
winapi	0x11b7c0	772	greenfield	FUN_0051b7c0	FUN_0051b7c0	timeGetTime
winapi	0x11c860	807	tracked	_WinMain@16	_WinMain@16	DialogBoxParamA;FindWindowA;GetModuleFileNameA;IsIconic;PostMessageA;SendMessageA
winapi	0x11ce86	23	named-untracked	GetOwner	GetOwner	GetParent
winapi	0x11cf53	20	named-untracked	?PtVisible@CDC@@UBEHHH@Z	?PtVisible@CDC@@UBEHHH@Z	PtVisible
winapi	0x11cf67	16	named-untracked	?RectVisible@CDC@@UBEHPBUtagRECT@@@Z	?RectVisible@CDC@@UBEHPBUtagRECT@@@Z	RectVisible
winapi	0x11cf77	28	named-untracked	?SetOption@CInternetConnection@@QAEHKPAXKK@Z	?SetOption@CInternetConnection@@QAEHKPAXKK@Z	TextOutA
winapi	0x11cf93	37	named-untracked	?ExtTextOutA@CDC@@UAEHHHIPBUtagRECT@@PBDIPAH@Z	?ExtTextOutA@CDC@@UAEHHHIPBUtagRECT@@PBDIPAH@Z	ExtTextOutA
winapi	0x11cfb8	56	named-untracked	?TabbedTextOutA@CDC@@UAE?AVCSize@@HHPBDHHPAHH@Z	?TabbedTextOutA@CDC@@UAE?AVCSize@@HHPBDHHPAHH@Z	TabbedTextOutA
winapi	0x11cff0	28	named-untracked	?SetOption@CInternetConnection@@QAEHKPAXKK@Z	?SetOption@CInternetConnection@@QAEHKPAXKK@Z	DrawTextA
winapi	0x11d00c	48	named-untracked	?GrayStringA@CDC@@UAEHPAVCBrush@@P6GHPAUHDC__@@JH@ZJHHHHH@Z	?GrayStringA@CDC@@UAEHPAVCBrush@@P6GHPAUHDC__@@JH@ZJHHHHH@Z	GrayStringA
winapi	0x11d03c	28	named-untracked	?SetOption@CInternetConnection@@QAEHKPAXKK@Z	?SetOption@CInternetConnection@@QAEHKPAXKK@Z	Escape
winapi	0x11d19c	10	named-untracked	?PreSubclassWindow@CDragListBox@@UAEXXZ	?PreSubclassWindow@CDragListBox@@UAEXXZ	Ordinal_13
winapi	0x11d1a6	44	named-untracked	?BeginDrag@CDragListBox@@UAEHVCPoint@@@Z	?BeginDrag@CDragListBox@@UAEHVCPoint@@@Z	Ordinal_14
winapi	0x11d229	223	named-untracked	?Dropped@CDragListBox@@UAEXHVCPoint@@@Z	?Dropped@CDragListBox@@UAEXHVCPoint@@@Z	Ordinal_14
winapi	0x11d32d	247	named-untracked	?DrawSingle@CDragListBox@@QAEXH@Z	?DrawSingle@CDragListBox@@QAEXH@Z	CreateRectRgnIndirect;GetClientRect;GetDC;PatBlt;ReleaseDC;SendMessageA
winapi	0x11d557	52	named-untracked	AddBitmap	AddBitmap	SendMessageA
winapi	0x11d58b	55	named-untracked	?AddBitmap@CToolBarCtrl@@QAEHHI@Z	?AddBitmap@CToolBarCtrl@@QAEHHI@Z	SendMessageA
winapi	0x11d5c2	48	named-untracked	SaveState	SaveState	SendMessageA
winapi	0x11d5f2	48	named-untracked	RestoreState	RestoreState	SendMessageA
winapi	0x11d622	38	named-untracked	?AddString@CToolBarCtrl@@QAEHI@Z	?AddString@CToolBarCtrl@@QAEHI@Z	SendMessageA
winapi	0x11d648	41	named-untracked	OnCreate	OnCreate	SendMessageA
winapi	0x11d7d5	58	named-untracked	GetBorders	GetBorders	SendMessageA
winapi	0x11d8b7	32	named-untracked	?GetItemRect@CListCtrl@@QBEHHPAUtagRECT@@I@Z	?GetItemRect@CListCtrl@@QBEHHPAUtagRECT@@I@Z	SendMessageA
winapi	0x11d8d7	83	named-untracked	?InsertColumn@CListCtrl@@QAEHHPBDHHH@Z	?InsertColumn@CListCtrl@@QAEHHPBDHHH@Z	SendMessageA
winapi	0x11d92a	76	named-untracked	?InsertItem@CListCtrl@@QAEHIHPBDIIHJ@Z	?InsertItem@CListCtrl@@QAEHIHPBDIIHJ@Z	SendMessageA
winapi	0x11d976	54	named-untracked	HitTest	HitTest	SendMessageA
winapi	0x11d9ac	78	named-untracked	SetItem	SetItem	SendMessageA
winapi	0x11d9fa	165	named-untracked	?GetItemText@CListCtrl@@QBE?AVCString@@HH@Z	?GetItemText@CListCtrl@@QBE?AVCString@@HH@Z	SendMessageA
winapi	0x11da9f	69	named-untracked	?GetItemText@CListCtrl@@QBEHHHPADH@Z	?GetItemText@CListCtrl@@QBEHHHPADH@Z	SendMessageA
winapi	0x11dae4	66	named-untracked	?GetItemData@CListCtrl@@QBEKH@Z	?GetItemData@CListCtrl@@QBEKH@Z	SendMessageA
winapi	0x11dbb5	101	named-untracked	?CreateDragImage@CListCtrl@@QAEPAVCImageList@@HPAUtagPOINT@@@Z	?CreateDragImage@CListCtrl@@QAEPAVCImageList@@HPAUtagPOINT@@@Z	SendMessageA
winapi	0x11dc91	32	named-untracked	?GetItemRect@CTreeCtrl@@QBEHPAU_TREEITEM@@PAUtagRECT@@H@Z	?GetItemRect@CTreeCtrl@@QBEHPAU_TREEITEM@@PAUtagRECT@@H@Z	SendMessageA
winapi	0x11dcb1	160	named-untracked	?GetItemText@CTreeCtrl@@QBE?AVCString@@PAU_TREEITEM@@@Z	?GetItemText@CTreeCtrl@@QBE?AVCString@@PAU_TREEITEM@@@Z	SendMessageA;lstrlenA
winapi	0x11dd51	63	named-untracked	?GetItemImage@CTreeCtrl@@QBEHPAU_TREEITEM@@AAH1@Z	?GetItemImage@CTreeCtrl@@QBEHPAU_TREEITEM@@AAH1@Z	SendMessageA
winapi	0x11dd90	56	named-untracked	?GetItemState@CTreeCtrl@@QBEIPAU_TREEITEM@@I@Z	?GetItemState@CTreeCtrl@@QBEIPAU_TREEITEM@@I@Z	SendMessageA
winapi	0x11ddc8	46	named-untracked	?GetItemData@CTreeCtrl@@QBEKPAU_TREEITEM@@@Z	?GetItemData@CTreeCtrl@@QBEKPAU_TREEITEM@@@Z	SendMessageA
winapi	0x11ddf6	46	named-untracked	?ItemHasChildren@CTreeCtrl@@QBEHPAU_TREEITEM@@@Z	?ItemHasChildren@CTreeCtrl@@QBEHPAU_TREEITEM@@@Z	SendMessageA
winapi	0x11de24	78	named-untracked	SetItem	SetItem	SendMessageA
winapi	0x11de72	84	named-untracked	?InsertItem@CTreeCtrl@@QAEPAU_TREEITEM@@IPBDHHIIJPAU2@1@Z	?InsertItem@CTreeCtrl@@QAEPAU_TREEITEM@@IPBDHHIIJPAU2@1@Z	SendMessageA
winapi	0x11dec6	54	named-untracked	HitTest	HitTest	SendMessageA
winapi	0x11df51	99	named-untracked	?CreateDragImage@CTreeCtrl@@QAEPAVCImageList@@PAU_TREEITEM@@@Z	?CreateDragImage@CTreeCtrl@@QAEPAVCImageList@@PAU_TREEITEM@@@Z	SendMessageA
winapi	0x11e5c6	22	named-untracked	?DeleteImageList@CImageList@@QAEHXZ	?DeleteImageList@CImageList@@QAEHXZ	ImageList_Destroy
winapi	0x11e622	40	named-untracked	Create	Create	ImageList_Create
winapi	0x11e64a	50	named-untracked	?Create@CImageList@@QAEHIHHK@Z	?Create@CImageList@@QAEHIHHK@Z	ImageList_LoadImageA
winapi	0x11e67c	50	named-untracked	?Create@CImageList@@QAEHIHHK@Z	?Create@CImageList@@QAEHIHHK@Z	ImageList_LoadImageA
winapi	0x11e6ae	49	named-untracked	?Create@CImageList@@QAEHAAV1@H0HHH@Z	?Create@CImageList@@QAEHAAV1@H0HHH@Z	ImageList_Merge
winapi	0x11e75d	19	named-untracked	?GetCurSel@CListBox@@QBEHXZ	?GetCurSel@CListBox@@QBEHXZ	SendMessageA
winapi	0x11f900	257	tracked	?Stub_11f900@EngineLabelBacklog@@YAXXZ	?Stub_11f900@EngineLabelBacklog@@YAXXZ	FindFirstFileA;GetLastError
winapi	0x11fa30	249	named-untracked	__findnext	__findnext	FindNextFileA;GetLastError
winapi	0x11fb50	33	named-untracked	__findclose	__findclose	FindClose
winapi	0x11fb80	140	named-untracked	___timet_from_ft	___timet_from_ft	FileTimeToLocalFileTime;FileTimeToSystemTime
winapi	0x11fc80	299	named-untracked	__getdcwd_lk	__getdcwd_lk	GetCurrentDirectoryA;GetFullPathNameA
winapi	0x11fdb0	64	named-untracked	__validdrive	__validdrive	GetDriveTypeA
winapi	0x120210	300	named-untracked	_time	_time	GetLocalTime;GetSystemTime;GetTimeZoneInformation
winapi	0x1206b0	429	greenfield	FUN_005206b0	FUN_005206b0	GetLastError;HeapValidate;HeapWalk
winapi	0x120880	106	named-untracked	__heapchk	__heapchk	GetLastError;HeapValidate
winapi	0x120950	391	named-untracked	entry	entry	GetCommandLineA;GetModuleHandleA;GetStartupInfoA;GetVersion
winapi	0x120b30	38	named-untracked	_fast_error_exit	_fast_error_exit	ExitProcess
winapi	0x120bd0	85	named-untracked	__heap_alloc	__heap_alloc	HeapAlloc
winapi	0x120c30	104	named-untracked	_free	_free	HeapFree
winapi	0x121ca0	71	named-untracked	__CxxThrowException@8	__CxxThrowException@8	RaiseException
winapi	0x121e90	174	named-untracked	_doexit	_doexit	ExitProcess;GetCurrentProcess;TerminateProcess
winapi	0x122550	555	named-untracked	__setmbcp	__setmbcp	GetCPInfo
winapi	0x122870	474	named-untracked	_setSBUpLow	_setSBUpLow	GetCPInfo
winapi	0x122ff0	321	named-untracked	__Strftime	__Strftime	InterlockedDecrement;InterlockedIncrement
winapi	0x123b70	164	named-untracked	__expand	__expand	HeapReAlloc
winapi	0x123c20	99	named-untracked	__msize	__msize	HeapSize
winapi	0x123c90	123	named-untracked	__beginthreadex	__beginthreadex	CreateThread;GetLastError
winapi	0x123d10	140	greenfield	FUN_00523d10	FUN_00523d10	GetCurrentThreadId;TlsSetValue
winapi	0x123dc0	53	named-untracked	__endthreadex	__endthreadex	ExitThread
winapi	0x124bf0	92	named-untracked	__mtinit	__mtinit	GetCurrentThreadId;TlsAlloc;TlsSetValue
winapi	0x124ca0	122	named-untracked	__getptd	__getptd	GetCurrentThreadId;GetLastError;SetLastError;TlsGetValue;TlsSetValue
winapi	0x124d20	176	named-untracked	__freeptd	__freeptd	TlsGetValue;TlsSetValue
winapi	0x124fe0	118	named-untracked	__lock	__lock	EnterCriticalSection;InitializeCriticalSection
winapi	0x125060	22	named-untracked	__unlock	__unlock	LeaveCriticalSection
winapi	0x125080	54	named-untracked	__lock_file	__lock_file	EnterCriticalSection
winapi	0x1250c0	40	named-untracked	__lock_file2	__lock_file2	EnterCriticalSection
winapi	0x1250f0	54	named-untracked	__lock_file	__lock_file	LeaveCriticalSection
winapi	0x125130	40	named-untracked	__lock_file2	__lock_file2	LeaveCriticalSection
winapi	0x125180	432	named-untracked	_realloc	_realloc	HeapAlloc;HeapReAlloc
winapi	0x1253a0	41	named-untracked	__ms_p5_mp_test_fdiv	__ms_p5_mp_test_fdiv	GetModuleHandleA;GetProcAddress
winapi	0x125a80	144	named-untracked	__close_lk	__close_lk	CloseHandle;GetLastError
winapi	0x125ee0	217	named-untracked	__getstream	__getstream	EnterCriticalSection;InitializeCriticalSection
winapi	0x1275e0	130	named-untracked	_tolower	_tolower	InterlockedIncrement
winapi	0x127af0	804	named-untracked	__raise_exc	__raise_exc	RaiseException
winapi	0x1285b0	55	named-untracked	__heap_init	__heap_init	HeapCreate;HeapDestroy
winapi	0x1285f0	55	named-untracked	__heap_term	__heap_term	HeapDestroy
winapi	0x128660	354	named-untracked	___sbh_new_region	___sbh_new_region	HeapAlloc;HeapFree;VirtualFree
winapi	0x1287d0	91	named-untracked	___sbh_release_region	___sbh_release_region	HeapFree;VirtualFree
winapi	0x128830	205	named-untracked	___sbh_decommit_pages	___sbh_decommit_pages	VirtualFree
winapi	0x1289c0	563	named-untracked	___sbh_alloc_block	___sbh_alloc_block	VirtualAlloc
winapi	0x129e40	525	named-untracked	__XcptFilter	__XcptFilter	UnhandledExceptionFilter
winapi	0x12a330	158	named-untracked	__setargv	__setargv	GetModuleFileNameA
winapi	0x12a5e0	508	named-untracked	___crtGetEnvironmentStringsW	___crtGetEnvironmentStringsW	FreeEnvironmentStringsA;FreeEnvironmentStringsW;MultiByteToWideChar
winapi	0x12a7e0	342	named-untracked	___crtGetEnvironmentStringsA	___crtGetEnvironmentStringsA	FreeEnvironmentStringsA;FreeEnvironmentStringsW;WideCharToMultiByte
winapi	0x12a940	524	named-untracked	__ioinit	__ioinit	GetFileType;GetStartupInfoA;SetHandleCount
winapi	0x12abf0	470	tracked	?Stub_12abf0@EngineLabelBacklog@@YAXXZ	?Stub_12abf0@EngineLabelBacklog@@YAXXZ	GetModuleFileNameA;GetStdHandle;WriteFile
winapi	0x12aea0	519	named-untracked	___crtLCMapStringW	___crtLCMapStringW	LCMapStringA;MultiByteToWideChar;WideCharToMultiByte
winapi	0x12b0f0	549	named-untracked	___crtLCMapStringA	___crtLCMapStringA	LCMapStringW;MultiByteToWideChar;WideCharToMultiByte
winapi	0x12b400	388	named-untracked	___crtGetStringTypeW	___crtGetStringTypeW	GetStringTypeA;WideCharToMultiByte
winapi	0x12b590	312	named-untracked	___crtGetStringTypeA	___crtGetStringTypeA	GetStringTypeW;MultiByteToWideChar
winapi	0x12b7c0	728	named-untracked	__tzset_lk	__tzset_lk	GetTimeZoneInformation
winapi	0x12bfa0	130	named-untracked	_toupper	_toupper	InterlockedIncrement
winapi	0x12c130	32	named-untracked	?_ValidateRead@@YAHPBXI@Z	?_ValidateRead@@YAHPBXI@Z	IsBadReadPtr
winapi	0x12c150	32	named-untracked	?_ValidateRead@@YAHPBXI@Z	?_ValidateRead@@YAHPBXI@Z	IsBadWritePtr
winapi	0x12c170	27	named-untracked	?_ValidateExecute@@YAHP6GHXZ@Z	?_ValidateExecute@@YAHP6GHXZ@Z	IsBadCodePtr
winapi	0x12ccb0	360	named-untracked	__alloc_osfhnd	__alloc_osfhnd	EnterCriticalSection;InitializeCriticalSection;LeaveCriticalSection
winapi	0x12ce20	161	named-untracked	__set_osfhnd	__set_osfhnd	SetStdHandle
winapi	0x12ced0	147	named-untracked	__free_osfhnd	__free_osfhnd	SetStdHandle
winapi	0x12cfc0	170	named-untracked	__open_osfhandle	__open_osfhandle	GetFileType;GetLastError
winapi	0x12d070	101	named-untracked	__lock_fhandle	__lock_fhandle	EnterCriticalSection;InitializeCriticalSection
winapi	0x12d0e0	34	named-untracked	__unlock_fhandle	__unlock_fhandle	LeaveCriticalSection
winapi	0x12d110	158	named-untracked	__commit	__commit	FlushFileBuffers;GetLastError
winapi	0x12d230	521	tracked	?Stub_12d230@EngineLabelBacklog@@YAXXZ	?Stub_12d230@EngineLabelBacklog@@YAXXZ	GetLastError;WriteFile
winapi	0x12d460	849	tracked	?Stub_12d460@EngineLabelBacklog@@YAXXZ	?Stub_12d460@EngineLabelBacklog@@YAXXZ	CloseHandle;CreateFileA;GetFileType;GetLastError
winapi	0x12d880	128	tracked	?Stub_12d880@EngineLabelBacklog@@YAXXZ	?Stub_12d880@EngineLabelBacklog@@YAXXZ	GetLastError;SetFilePointer
winapi	0x12d990	108	named-untracked	_wctomb	_wctomb	InterlockedIncrement
winapi	0x12da00	114	named-untracked	__wctomb_lk	__wctomb_lk	WideCharToMultiByte
winapi	0x12e810	699	named-untracked	___init_ctype	___init_ctype	GetCPInfo
winapi	0x12eae0	401	named-untracked	___get_qualified_locale	___get_qualified_locale	IsValidCodePage;IsValidLocale
winapi	0x12ece0	138	named-untracked	_GetLcidFromLangCountry	_GetLcidFromLangCountry	EnumSystemLocalesA
winapi	0x12f050	94	named-untracked	_GetLcidFromLanguage	_GetLcidFromLanguage	EnumSystemLocalesA
winapi	0x12f190	62	named-untracked	_GetLcidFromCountry	_GetLcidFromCountry	EnumSystemLocalesA
winapi	0x12f270	27	named-untracked	_GetLcidFromDefault	_GetLcidFromDefault	GetUserDefaultLCID
winapi	0x12f440	57	named-untracked	_IsThisWindowsNT	_IsThisWindowsNT	GetVersionExA
winapi	0x12f480	297	named-untracked	_crtGetLocaleInfoA@16	_crtGetLocaleInfoA@16	GetLocaleInfoA
winapi	0x12f630	113	named-untracked	_mbstowcs	_mbstowcs	InterlockedIncrement
winapi	0x12f6b0	254	named-untracked	__mbtowc_lk	__mbtowc_lk	MultiByteToWideChar
winapi	0x12fc50	143	named-untracked	___crtMessageBoxA	___crtMessageBoxA	LoadLibraryA
winapi	0x12fce0	113	named-untracked	_mbstowcs	_mbstowcs	InterlockedIncrement
winapi	0x12fd60	490	named-untracked	__wcstombs_lk	__wcstombs_lk	GetLastError;WideCharToMultiByte
winapi	0x130050	516	named-untracked	_signal	_signal	GetLastError;SetConsoleCtrlHandler
winapi	0x131400	334	named-untracked	__chsize_lk	__chsize_lk	GetLastError;SetEndOfFile
winapi	0x1315d0	549	tracked	?Stub_1315d0@EngineLabelBacklog@@YAXXZ	?Stub_1315d0@EngineLabelBacklog@@YAXXZ	GetLastError;ReadFile
winapi	0x131800	428	named-untracked	___getlocaleinfo	___getlocaleinfo	GetLastError
winapi	0x1321e0	304	named-untracked	___crtGetLocaleInfoW	___crtGetLocaleInfoW	GetLocaleInfoA;MultiByteToWideChar
winapi	0x132310	319	named-untracked	___crtGetLocaleInfoA	___crtGetLocaleInfoA	GetLocaleInfoW;WideCharToMultiByte
winapi	0x132450	514	named-untracked	___crtCompareStringW	___crtCompareStringW	CompareStringA
winapi	0x1326a0	709	named-untracked	___crtCompareStringA	___crtCompareStringA	CompareStringW;GetCPInfo
winapi	0x1329a0	515	named-untracked	___crtsetenv	___crtsetenv	SetEnvironmentVariableA
directx	0x132ce0	174	tracked	?Stub_132ce0@DirectInputMgr2@@QAEXXZ	?Create@DirectInputMgr2@@QAEHPAX0K@Z	DirectInputCreateA
winapi	0x133590	1470	tracked	?GetErrorString@DirectInputMgr2@@SAXPADHJ@Z	?GetErrorString@DirectInputMgr2@@SAXPADHJ@Z	MessageBeep;MessageBoxA
directx	0x136550	140	tracked	?Stub_136550@DirectSoundMgr@@QAEXXZ	?Create@DirectSoundMgr@@QAEHPAXKK@Z	DSOUND.#1_DirectSoundCreate
winapi	0x136a30	118	greenfield	FUN_00536a30	FUN_00536a30	FindResourceA;LoadResource;LockResource
winapi	0x136ce0	146	greenfield	FUN_00536ce0	FUN_00536ce0	FindResourceA;LoadResource;LockResource
winapi	0x136e20	168	greenfield	FUN_00536e20	FUN_00536e20	timeGetTime
winapi	0x136fe0	123	greenfield	FUN_00536fe0	FUN_00536fe0	timeGetTime
directx-wrapper-caller	0x137720	20	greenfield	FUN_00537720	FUN_00537720	calls 0x136550 (DSOUND.#1_DirectSoundCreate)
winapi	0x137ac0	162	greenfield	FUN_00537ac0	FUN_00537ac0	timeGetTime
winapi	0x137e30	152	greenfield	FUN_00537e30	FUN_00537e30	timeGetTime
winapi	0x1380d0	78	greenfield	FUN_005380d0	FUN_005380d0	timeGetTime
winapi	0x138150	827	tracked	?GetErrorString@DirectSoundMgr@@SAXPADHJ@Z	?GetErrorString@DirectSoundMgr@@SAXPADHJ@Z	MessageBeep;MessageBoxA;OutputDebugStringA
thirdparty	0x138490	94	greenfield	FUN_00538490	FUN_00538490	_AIL_midiOutOpen@12;_AIL_startup@0
thirdparty	0x1384f0	59	greenfield	FUN_005384f0	FUN_005384f0	_AIL_shutdown@0
thirdparty	0x138950	112	greenfield	FUN_00538950	FUN_00538950	_AIL_set_XMIDI_master_volume@8
thirdparty	0x1389c0	71	greenfield	FUN_005389c0	FUN_005389c0	_AIL_XMIDI_master_volume@4
thirdparty	0x138c20	290	greenfield	FUN_00538c20	FUN_00538c20	_AIL_allocate_sequence_handle@4;_AIL_init_sequence@12;_AIL_release_sequence_handle@4
thirdparty	0x138dd0	54	greenfield	FUN_00538dd0	FUN_00538dd0	_AIL_release_sequence_handle@4
thirdparty	0x138e10	74	greenfield	FUN_00538e10	FUN_00538e10	_AIL_set_sequence_loop_count@8;_AIL_start_sequence@4
thirdparty	0x138e60	38	greenfield	FUN_00538e60	FUN_00538e60	_AIL_end_sequence@4
thirdparty	0x138e90	58	greenfield	FUN_00538e90	FUN_00538e90	_AIL_stop_sequence@4
thirdparty	0x138ed0	79	greenfield	FUN_00538ed0	FUN_00538ed0	_AIL_resume_sequence@4
thirdparty	0x138f60	45	tracked	FUN_00538f60	?IsBusy@CGruntzSoundInnerZ@@QAEHXZ	_AIL_sequence_status@4
thirdparty	0x138f90	50	greenfield	FUN_00538f90	FUN_00538f90	_AIL_set_sequence_tempo@12
thirdparty	0x138fd0	94	greenfield	FUN_00538fd0	FUN_00538fd0	_AIL_set_sequence_volume@12
thirdparty	0x139030	76	greenfield	FUN_00539030	FUN_00539030	_AIL_set_sequence_loop_count@8
winapi	0x1393b0	88	tracked	?SetValueString@RegistryHelper@Utils@@QAEHPAD0@Z	?SetValueString@RegistryHelper@Utils@@QAEHPAD0@Z	RegSetValueExA
winapi	0x139460	51	tracked	?SetValueDword@RegistryHelper@Utils@@QAEHPADK@Z	?SetValueDword@RegistryHelper@Utils@@QAEHPADK@Z	RegSetValueExA
winapi	0x1394a0	151	tracked	?GetValueString@RegistryHelper@Utils@@QAEPADPAD0PAI0@Z	?GetValueString@RegistryHelper@Utils@@QAEPADPAD0PAI0@Z	RegQueryValueExA
winapi	0x1395d0	80	tracked	?GetValueDword@RegistryHelper@Utils@@QAEKPADK@Z	?GetValueDword@RegistryHelper@Utils@@QAEKPADK@Z	RegQueryValueExA
winapi	0x139650	50	tracked	?GetRegistryKey@RegistryHelper@Utils@@QAEHPAXPADPAPAX@Z	?GetRegistryKey@RegistryHelper@Utils@@QAEHPAUHKEY__@@PADPAPAU3@@Z	RegCreateKeyExA
winapi	0x13cf20	143	tracked	?CreateAndShow@CGameWnd@@QAEHPAUCGameWndCreateParams@@PAX@Z	?CreateAndShow@CGameWnd@@QAEHPAUCGameWndCreateParams@@PAX@Z	CreateWindowExA;ShowWindow
winapi	0x13cfb0	57	tracked	?Destroy@CGameWnd@@QAEXXZ	?Destroy@CGameWnd@@QAEXXZ	DestroyWindow;IsWindow
winapi	0x13cff0	860	tracked	?GameWindowProc@CGameApp@@SGJPAXIIJ@Z	?GameWindowProc@CGameApp@@SGJPAUHWND__@@IIJ@Z	DefWindowProcA
winapi	0x13d490	41	tracked	?QuitMessageLoop@CGameWnd@@UAEHXZ	?QuitMessageLoop@CGameWnd@@UAEHXZ	PostQuitMessage
winapi	0x13d4c0	30	greenfield	FUN_0053d4c0	FUN_0053d4c0	DestroyWindow
winapi	0x13d5d0	467	tracked	?VirtualUnknownMethod02@CGameApp@@UAEHPAUGameInfo@@PAUtagWNDCLASSA@@PAUtagCREATESTRUCTA@@@Z	?VirtualUnknownMethod02@CGameApp@@UAEHPAUGameInfo@@PAUtagWNDCLASSA@@PAUtagCREATESTRUCTA@@@Z	RegisterClassA
winapi	0x13d8c0	66	tracked	?CloseResources@CGameApp@@UAEXXZ	?CloseResources@CGameApp@@UAEXXZ	DestroyAcceleratorTable
winapi	0x13d910	159	tracked	?RunMessageLoop@CGameApp@@UAEHXZ	?RunMessageLoop@CGameApp@@UAEHXZ	TranslateAcceleratorA
winapi	0x13d9b0	160	tracked	?InitializeDefaultWindowClass@CGameApp@@UAEXXZ	?InitializeDefaultWindowClass@CGameApp@@UAEXXZ	GetStockObject;LoadCursorA;LoadIconA
winapi	0x13da50	267	tracked	?InitializeDefaultCreateStruct@CGameApp@@UAEXXZ	?InitializeDefaultCreateStruct@CGameApp@@UAEXXZ	LoadMenuA
winapi	0x13dc20	73	tracked	?InitializeAccelerators@CGameApp@@UAEHPBD@Z	?InitializeAccelerators@CGameApp@@UAEHPBD@Z	DestroyAcceleratorTable;LoadAcceleratorsA
winapi	0x13dcb0	87	tracked	?ReportError@CGameApp@@UAEXIJ@Z	?ReportError@CGameApp@@UAEXIJ@Z	PostMessageA
winapi	0x13de70	38	tracked	?InitTimeFields@CGameMgr@WAP32@@QAEXH@Z	?InitTimeFields@CGameMgr@WAP32@@QAEXH@Z	timeGetTime
winapi	0x13dea0	24	tracked	?UnknownMethodInitializeTimeGlobal@CGameMgr@WAP32@@QAEXXZ	?UnknownMethodInitializeTimeGlobal@CGameMgr@WAP32@@QAEXXZ	timeGetTime
winapi	0x13f460	730	greenfield	FUN_0053f460	FUN_0053f460	CopyRect
winapi	0x141400	2101	tracked	?GetErrorString@CDirectDrawMgr@@SAXPADHJ@Z	?GetErrorString@CDirectDrawMgr@@SAXPADHJ@Z	MessageBeep;MessageBoxA
directx	0x141dc0	548	tracked	?Stub_141dc0@CDirectDrawMgr@@QAEXXZ	?CreateDevice@CDirectDrawMgr@@QAEHPAX0HHHK@Z	DirectDrawCreate;DirectDrawEnumerateA
winapi	0x144270	210	greenfield	FUN_00544270	FUN_00544270	FindResourceA;LoadResource;LockResource
winapi	0x1479e0	187	greenfield	FUN_005479e0	FUN_005479e0	FindResourceA;LoadResource;LockResource
winapi	0x147f30	190	greenfield	FUN_00547f30	FUN_00547f30	timeGetTime
winapi	0x147ff0	169	greenfield	FUN_00547ff0	FUN_00547ff0	timeGetTime
winapi	0x1480a0	423	greenfield	FUN_005480a0	FUN_005480a0	timeGetTime
winapi	0x1485b0	354	greenfield	FUN_005485b0	FUN_005485b0	CreateDCA;DeleteDC;GetSystemPaletteEntries
winapi	0x1538c0	599	greenfield	FUN_005538c0	FUN_005538c0	CopyRect
winapi	0x153b20	624	greenfield	FUN_00553b20	FUN_00553b20	CopyRect
winapi	0x153d90	601	greenfield	FUN_00553d90	FUN_00553d90	CopyRect
winapi	0x153ff0	640	greenfield	FUN_00553ff0	FUN_00553ff0	CopyRect
winapi	0x154270	599	greenfield	FUN_00554270	FUN_00554270	CopyRect
winapi	0x1544d0	629	greenfield	FUN_005544d0	FUN_005544d0	CopyRect
winapi	0x154750	629	greenfield	FUN_00554750	FUN_00554750	CopyRect
winapi	0x159a70	512	tracked	?Stub_159a70@CDDrawChildGroup@@QAEXXZ	?Stub_159a70@CDDrawChildGroup@@QAEXXZ	timeGetTime
winapi	0x15cbe0	70	greenfield	FUN_0055cbe0	FUN_0055cbe0	timeGetTime
winapi	0x161e80	121	greenfield	FUN_00561e80	FUN_00561e80	CopyRect
winapi	0x164380	152	greenfield	FUN_00564380	FUN_00564380	DrawTextA;SetBkMode;SetTextColor
winapi	0x164420	121	greenfield	FUN_00564420	FUN_00564420	DrawTextA;SetBkMode;SetTextColor
directx-wrapper-caller	0x1644a0	411	greenfield	FUN_005644a0	FUN_005644a0	calls 0x141dc0 (DirectDrawCreate;DirectDrawEnumerateA)
winapi	0x168080	502	greenfield	FUN_00568080	FUN_00568080	SetRect
winapi	0x16c9c0	12	greenfield	FUN_0056c9c0	FUN_0056c9c0	InitializeCriticalSection
winapi	0x16c9d0	12	greenfield	FUN_0056c9d0	FUN_0056c9d0	DeleteCriticalSection
winapi	0x16c9e0	12	greenfield	FUN_0056c9e0	FUN_0056c9e0	EnterCriticalSection
winapi	0x16c9f0	12	greenfield	FUN_0056c9f0	FUN_0056c9f0	LeaveCriticalSection
winapi	0x174fe0	254	greenfield	FUN_00574fe0	FUN_00574fe0	GetDC;ReleaseDC;SelectPalette
winapi	0x1750e0	259	greenfield	FUN_005750e0	FUN_005750e0	GetDC;ReleaseDC;SelectPalette
winapi	0x1751f0	249	greenfield	FUN_005751f0	FUN_005751f0	GetDC;ReleaseDC;SelectPalette
winapi	0x1752f0	252	greenfield	FUN_005752f0	FUN_005752f0	GetDC;ReleaseDC;SelectPalette
winapi	0x1753f0	244	greenfield	FUN_005753f0	FUN_005753f0	GetDC;ReleaseDC;SelectPalette
winapi	0x1757c0	367	greenfield	FUN_005757c0	?DecodeBmpHeader@CImage@@QAEHPAXHHH0@Z	CreateDIBSection
winapi	0x175c90	69	greenfield	FUN_00575c90	FUN_00575c90	DeleteObject
winapi	0x1767d0	100	tracked	FUN_005767d0	?LoadDefault@CImage@@QAEHPADPAX1@Z	FindResourceA;LoadResource;LockResource
winapi	0x176df0	113	greenfield	FUN_00576df0	FUN_00576df0	CreatePalette
winapi	0x177070	34	greenfield	FUN_00577070	FUN_00577070	DeleteObject
winapi	0x1770a0	58	greenfield	FUN_005770a0	FUN_005770a0	CreateICA;DeleteDC;GetDeviceCaps
winapi	0x1770e0	124	greenfield	FUN_005770e0	FUN_005770e0	CreateDCA;DeleteDC;GetSystemPaletteEntries
winapi	0x177160	129	greenfield	FUN_00577160	FUN_00577160	CreatePalette;DeleteObject;GetDC;RealizePalette;ReleaseDC
winapi	0x1775f0	98	greenfield	FUN_005775f0	FUN_005775f0	FindResourceA;LoadResource;LockResource
winapi	0x1776a0	2561	tracked	?ReportError@CNetMgr@@SAXPADHJPAX@Z	?ReportError@CNetMgr@@SAXPADHJPAX@Z	MessageBeep;MessageBoxA
directx	0x1780b0	187	tracked	?Stub_1780b0@CNetMgr@@QAEXXZ	?Stub_1780b0@CNetMgr@@QAEXXZ	DPLAYX.#1
directx	0x178280	67	tracked	?Stub_178280@CNetMgr@@QAEXXZ	?Stub_178280@CNetMgr@@QAEXXZ	DPLAYX.#2
directx	0x1782d0	134	tracked	?Stub_1782d0@CNetMgr@@QAEXXZ	?Stub_1782d0@CNetMgr@@QAEXXZ	DPLAYX.#1
winapi	0x178470	286	greenfield	FUN_00578470	FUN_00578470	SendMessageA
winapi	0x179e70	1516	greenfield	FUN_00579e70	FUN_00579e70	IntersectRect
directx	0x17c040	605	tracked	?Stub_17c040@CDirectDrawMgr@@QAEXXZ	?Init@CDDPageMgr@@QAEHPAXPAUDDModeInfo@@K@Z	DirectDrawCreate
winapi	0x17c040	605	tracked	?Stub_17c040@CDirectDrawMgr@@QAEXXZ	?Init@CDDPageMgr@@QAEHPAXPAUDDModeInfo@@K@Z	ShowCursor
directx-wrapper-caller	0x17c2a0	334	greenfield	FUN_0057c2a0	FUN_0057c2a0	calls 0x17c040 (DirectDrawCreate)
winapi	0x17c3f0	287	greenfield	FUN_0057c3f0	FUN_0057c3f0	ShowCursor
winapi	0x17c510	94	greenfield	FUN_0057c510	FUN_0057c510	ShowCursor
thirdparty	0x17c570	192	greenfield	FUN_0057c570	FUN_0057c570	_SmackOpen@12;_SmackSoundUseDirectSound@4
thirdparty	0x17c630	192	greenfield	FUN_0057c630	FUN_0057c630	_SmackOpen@12;_SmackSoundUseDirectSound@4
thirdparty	0x17c790	330	greenfield	FUN_0057c790	FUN_0057c790	_SmackWait@4
winapi	0x17c790	330	greenfield	FUN_0057c790	FUN_0057c790	DispatchMessageA;PeekMessageA;TranslateMessage
thirdparty	0x17c8e0	202	greenfield	FUN_0057c8e0	FUN_0057c8e0	_SmackGoto@8;_SmackWait@4
thirdparty	0x17c9b0	91	greenfield	FUN_0057c9b0	FUN_0057c9b0	_SmackClose@4
thirdparty	0x17caa0	315	greenfield	FUN_0057caa0	FUN_0057caa0	_SmackDoFrame@4;_SmackNextFrame@4;_SmackToBuffer@28
winapi	0x17cd90	88	greenfield	FUN_0057cd90	FUN_0057cd90	GetDC;GetSystemPaletteEntries;ReleaseDC
winapi	0x17e620	315	greenfield	FUN_0057e620	FUN_0057e620	GetTickCount
winapi	0x17fe00	301	greenfield	FUN_0057fe00	FUN_0057fe00	timeGetTime
winapi	0x1804a0	386	greenfield	FUN_005804a0	FUN_005804a0	PtInRect
winapi	0x182ab0	123	greenfield	FUN_00582ab0	FUN_00582ab0	CopyRect
winapi	0x18c780	831	tracked	?Stub_18c780@EngineLabelBacklog@@YAXXZ	?Stub_18c780@EngineLabelBacklog@@YAXXZ	FileTimeToLocalFileTime;FileTimeToSystemTime;FindClose;FindFirstFileA;GetDriveTypeA;GetLastError
winapi	0x18d290	153	named-untracked	__chdir	__chdir	GetCurrentDirectoryA;GetLastError;SetCurrentDirectoryA;SetEnvironmentVariableA
winapi	0x18d330	383	named-untracked	__strupr	__strupr	InterlockedDecrement;InterlockedIncrement
winapi	0x18e070	202	named-untracked	__fullpath	__fullpath	GetFullPathNameA;GetLastError
winapi	0x18e140	67	named-untracked	__getdrive	__getdrive	GetCurrentDirectoryA
winapi	0x18e190	128	named-untracked	__chdrive	__chdrive	GetLastError;SetCurrentDirectoryA
winapi	0x193900	75	named-untracked	__access	__access	GetFileAttributesA;GetLastError
winapi	0x1b2a4f	678	named-untracked	?FormatV@CString@@IAEXPBDPAD@Z	?FormatV@CString@@IAEXPBDPAD@Z	lstrlenA
winapi	0x1b2d51	76	named-untracked	?FormatMessageA@CString@@QAAXPBDZZ	?FormatMessageA@CString@@QAAXPBDZZ	FormatMessageA;LocalFree
winapi	0x1b2d9d	131	named-untracked	?FormatMessageA@CString@@QAAXIZZ	?FormatMessageA@CString@@QAAXIZZ	FormatMessageA;LocalFree
winapi	0x1b3065	76	named-untracked	??0CTime@@QAE@ABU_FILETIME@@H@Z	??0CTime@@QAE@ABU_FILETIME@@H@Z	FileTimeToLocalFileTime;FileTimeToSystemTime
winapi	0x1b346a	67	named-untracked	?GetErrorMessage@CSimpleException@@UAEHPADIPAI@Z	?GetErrorMessage@CSimpleException@@UAEHPADIPAI@Z	lstrcpynA
winapi	0x1b9ba3	55	named-untracked	??0CString@@QAE@ABV0@@Z	??0CString@@QAE@ABV0@@Z	InterlockedIncrement
winapi	0x1b9c14	50	named-untracked	?Release@CString@@IAEXXZ	?Release@CString@@IAEXXZ	InterlockedDecrement
winapi	0x1b9c46	35	named-untracked	?Release@CString@@KGXPAUCStringData@@@Z	?Release@CString@@KGXPAUCStringData@@@Z	InterlockedDecrement
winapi	0x1b9cde	41	named-untracked	??1CString@@QAE@XZ	??1CString@@QAE@XZ	InterlockedDecrement
winapi	0x1b9d4c	94	named-untracked	??0CString@@QAE@PBD@Z	??0CString@@QAE@PBD@Z	lstrlenA
winapi	0x1b9e25	79	named-untracked	??4CString@@QAEABV0@ABV0@@Z	??4CString@@QAEABV0@ABV0@@Z	InterlockedIncrement
winapi	0x1b9e74	39	named-untracked	??4CString@@QAEABV0@PBD@Z	??4CString@@QAEABV0@PBD@Z	lstrlenA
winapi	0x1b9f81	116	named-untracked	??H@YG?AVCString@@ABV0@PBD@Z	??H@YG?AVCString@@ABV0@PBD@Z	lstrlenA
winapi	0x1b9ff5	116	named-untracked	??H@YG?AVCString@@PBDABV0@@Z	??H@YG?AVCString@@PBDABV0@@Z	lstrlenA
winapi	0x1ba0c8	39	named-untracked	??4CString@@QAEABV0@PBD@Z	??4CString@@QAEABV0@PBD@Z	lstrlenA
winapi	0x1ba16b	40	named-untracked	?ReleaseBuffer@CString@@QAEXH@Z	?ReleaseBuffer@CString@@QAEXH@Z	lstrlenA
winapi	0x1ba29b	20	named-untracked	?CharToOemA@CString@@QAEXXZ	?CharToOemA@CString@@QAEXXZ	CharToOemA
winapi	0x1ba2af	20	named-untracked	?CharToOemA@CString@@QAEXXZ	?CharToOemA@CString@@QAEXXZ	OemToCharA
winapi	0x1ba2c3	54	named-untracked	?_wcstombsz@@YAHPADPBGI@Z	?_wcstombsz@@YAHPADPBGI@Z	WideCharToMultiByte
winapi	0x1ba2f9	53	named-untracked	?_mbstowcsz@@YAHPAGPBDI@Z	?_mbstowcsz@@YAHPAGPBDI@Z	MultiByteToWideChar
winapi	0x1ba32e	41	named-untracked	?AfxA2WHelper@@YGPAGPAGPBDH@Z	?AfxA2WHelper@@YGPAGPAGPBDH@Z	MultiByteToWideChar
winapi	0x1ba3c1	153	named-untracked	?PreTranslateMessage@CDialog@@UAEHPAUtagMSG@@@Z	?PreTranslateMessage@CDialog@@UAEHPAUtagMSG@@@Z	GetDlgItem;GetWindowLongA;IsWindowEnabled;SendMessageA
winapi	0x1ba45a	133	named-untracked	?OnCmdMsg@CDialog@@UAEHIHPAXPAUAFX_CMDHANDLERINFO@@@Z	?OnCmdMsg@CDialog@@UAEHIHPAXPAUAFX_CMDHANDLERINFO@@@Z	GetParent
winapi	0x1ba55b	80	named-untracked	?Create@CDialog@@QAEHPBDPAVCWnd@@@Z	?Create@CDialog@@QAEHPBDPAVCWnd@@@Z	FindResourceA;LoadResource
winapi	0x1ba5bd	35	named-untracked	?CreateIndirect@CDialog@@IAEHPAXPAVCWnd@@PAUHINSTANCE__@@@Z	?CreateIndirect@CDialog@@IAEHPAXPAVCWnd@@PAUHINSTANCE__@@@Z	LockResource
winapi	0x1ba621	68	named-untracked	?CreateDlg@CWnd@@IAEHPBDPAV1@@Z	?CreateDlg@CWnd@@IAEHPBDPAV1@@Z	FindResourceA;LoadResource;LockResource
winapi	0x1ba677	392	greenfield	FUN_005ba677	FUN_005ba677	CreateDialogIndirectParamA;GetSystemMetrics;GlobalLock
winapi	0x1ba819	124	greenfield	FUN_005ba819	FUN_005ba819	DestroyWindow;GlobalFree;GlobalUnlock
winapi	0x1ba994	62	named-untracked	?PostModal@CDialog@@IAEXXZ	?PostModal@CDialog@@IAEXXZ	EnableWindow;IsWindow
winapi	0x1ba9d2	256	greenfield	FUN_005ba9d2	FUN_005ba9d2	EnableWindow;FindResourceA;IsWindowEnabled;LoadResource;LockResource
winapi	0x1baaef	72	greenfield	FUN_005baaef	FUN_005baaef	EnableWindow;GetActiveWindow;SetActiveWindow
winapi	0x1bab37	35	named-untracked	?EndDialog@CDialog@@QAEXH@Z	?EndDialog@CDialog@@QAEXH@Z	EndDialog
winapi	0x1bab7f	136	named-untracked	?HandleInitDialog@CDialog@@IAEJIJ@Z	?HandleInitDialog@CDialog@@IAEJIJ@Z	GetNextDlgTabItem
winapi	0x1bace4	124	named-untracked	?CheckAutoCenter@CDialog@@UAEHXZ	?CheckAutoCenter@CDialog@@UAEHXZ	FindResourceA;LoadResource;LockResource
winapi	0x1baf63	81	named-untracked	?_AfxModifyStyle@@YGHPAUHWND__@@HKKI@Z	?_AfxModifyStyle@@YGHPAUHWND__@@HKKI@Z	GetWindowLongA;SetWindowLongA;SetWindowPos
winapi	0x1bb0be	35	named-untracked	?_AfxPreInitDialog@@YGXPAVCWnd@@PAUtagRECT@@PAK@Z	?_AfxPreInitDialog@@YGXPAVCWnd@@PAUtagRECT@@PAK@Z	GetWindowRect
winapi	0x1bb0e1	121	named-untracked	?_AfxPostInitDialog@@YGXPAVCWnd@@ABUtagRECT@@K@Z	?_AfxPostInitDialog@@YGXPAVCWnd@@ABUtagRECT@@K@Z	GetWindow;GetWindowRect
winapi	0x1bb15a	53	named-untracked	?GetCurrentMessage@CWnd@@KGPBUtagMSG@@XZ	?GetCurrentMessage@CWnd@@KGPBUtagMSG@@XZ	GetMessagePos;GetMessageTime
winapi	0x1bb31b	273	greenfield	FUN_005bb31b	FUN_005bb31b	CallWindowProcA;GetPropA;RemovePropA;SetWindowLongA
winapi	0x1bb468	97	named-untracked	?_AfxHandleActivate@@YGXPAVCWnd@@I0@Z	?_AfxHandleActivate@@YGXPAVCWnd@@I0@Z	SendMessageA
winapi	0x1bb4c9	120	named-untracked	?_AfxHandleSetCursor@@YGHPAVCWnd@@II@Z	?_AfxHandleSetCursor@@YGHPAVCWnd@@II@Z	GetForegroundWindow;GetLastActivePopup;SetForegroundWindow
winapi	0x1bb5bd	483	named-untracked	?_AfxCbtFilterHook@@YGJHIJ@Z	?_AfxCbtFilterHook@@YGJHIJ@Z	CallNextHookEx;GetClassLongA;GetPropA;GetWindowLongA;GlobalGetAtomNameA;SetPropA;SetWindowLongA;UnhookWindowsHookEx
winapi	0x1bb7a0	76	named-untracked	?AfxHookWindowCreate@@YGXPAVCWnd@@@Z	?AfxHookWindowCreate@@YGXPAVCWnd@@@Z	GetCurrentThreadId;SetWindowsHookExA
winapi	0x1bb7ec	66	named-untracked	?AfxUnhookWindowCreate@@YGHXZ	?AfxUnhookWindowCreate@@YGHXZ	UnhookWindowsHookEx
winapi	0x1bb875	198	named-untracked	?CreateEx@CWnd@@QAEHKPBD0KHHHHPAUHWND__@@PAUHMENU__@@PAX@Z	?CreateEx@CWnd@@QAEHKPBD0KHHHHPAUHWND__@@PAUHMENU__@@PAX@Z	CreateWindowExA
winapi	0x1bba53	279	named-untracked	?OnNcDestroy@CWnd@@IAEXXZ	?OnNcDestroy@CWnd@@IAEXXZ	SendMessageA;SetWindowLongA
winapi	0x1bbb7c	77	named-untracked	?DestroyWindow@CWnd@@UAEHXZ	?DestroyWindow@CWnd@@UAEHXZ	DestroyWindow
winapi	0x1bbbc9	71	named-untracked	?DefWindowProcA@CWnd@@MAEJIIJ@Z	?DefWindowProcA@CWnd@@MAEJIIJ@Z	CallWindowProcA;DefWindowProcA
winapi	0x1bbc33	93	named-untracked	?CancelToolTips@CWnd@@SGXH@Z	?CancelToolTips@CWnd@@SGXH@Z	GetKeyState;SendMessageA
winapi	0x1bbc90	113	named-untracked	?OnToolHitTest@CWnd@@UBEHVCPoint@@PAUtagTOOLINFOA@@@Z	?OnToolHitTest@CWnd@@UBEHVCPoint@@PAUtagTOOLINFOA@@@Z	GetDlgCtrlID;SendMessageA
winapi	0x1bbd01	72	named-untracked	?GetWindowTextA@CWnd@@QBEXAAVCString@@@Z	?GetWindowTextA@CWnd@@QBEXAAVCString@@@Z	GetWindowTextA;GetWindowTextLengthA
winapi	0x1bbd49	112	named-untracked	?GetDlgItemTextA@CWnd@@QBEHHAAVCString@@@Z	?GetDlgItemTextA@CWnd@@QBEHHAAVCString@@@Z	GetDlgItem;GetWindowTextA;GetWindowTextLengthA
winapi	0x1bbec4	84	named-untracked	?TrackPopupMenu@CMenu@@QAEHIHHPAVCWnd@@PBUtagRECT@@@Z	?TrackPopupMenu@CMenu@@QAEHIHHPAVCWnd@@PBUtagRECT@@@Z	TrackPopupMenu
winapi	0x1bbf18	121	named-untracked	?OnMeasureItem@CWnd@@IAEXHPAUtagMEASUREITEMSTRUCT@@@Z	?OnMeasureItem@CWnd@@IAEXHPAUtagMEASUREITEMSTRUCT@@@Z	GetMenu
winapi	0x1bbf91	99	named-untracked	?FindPopupMenuFromID@@YAPAVCMenu@@PAV1@I@Z	?FindPopupMenuFromID@@YAPAVCMenu@@PAV1@I@Z	GetMenuItemCount;GetMenuItemID;GetSubMenu
winapi	0x1bbff4	147	greenfield	FUN_005bbff4	FUN_005bbff4	GetClassInfoA;RegisterClassA
winapi	0x1bc09d	180	named-untracked	?AfxRegisterWndClass@@YGPBDIPAUHICON__@@PAUHBRUSH__@@0@Z	?AfxRegisterWndClass@@YGPBDIPAUHICON__@@PAUHBRUSH__@@0@Z	GetClassInfoA;wsprintfA
winapi	0x1bc18d	226	named-untracked	?WinHelpA@CWnd@@UAEXKI@Z	?WinHelpA@CWnd@@UAEXKI@Z	GetCapture;WinHelpA
winapi	0x1bc30e	1198	named-untracked	?OnWndMsg@CWnd@@MAEHIIJPAJ@Z	?OnWndMsg@CWnd@@MAEHIIJPAJ@Z	GetVersion
winapi	0x1bc93f	122	named-untracked	?OnNotify@CWnd@@MAEHIJPAJ@Z	?OnNotify@CWnd@@MAEHIJPAJ@Z	GetDlgCtrlID
winapi	0x1bc9fd	69	named-untracked	AfxGetParentOwner	AfxGetParentOwner	GetParent;GetWindow;GetWindowLongA
winapi	0x1bcaa1	71	named-untracked	?GetParentOwner@CWnd@@QBEPAV1@XZ	?GetParentOwner@CWnd@@QBEPAV1@XZ	GetParent
winapi	0x1bcae8	52	named-untracked	?IsTopParentActive@CWnd@@QBEHXZ	?IsTopParentActive@CWnd@@QBEHXZ	GetForegroundWindow;GetLastActivePopup
winapi	0x1bcb1c	61	named-untracked	ActivateTopParent	ActivateTopParent	GetForegroundWindow;IsChild;SetForegroundWindow
winapi	0x1bcb9d	160	named-untracked	?GetSafeOwner@CWnd@@SGPAV1@PAV1@PAPAUHWND__@@@Z	?GetSafeOwner@CWnd@@SGPAV1@PAV1@PAPAUHWND__@@@Z	EnableWindow;GetLastActivePopup;GetWindowLongA;IsWindowEnabled
winapi	0x1bcc3d	121	named-untracked	?GetDescendantWindow@CWnd@@SGPAV1@PAUHWND__@@HH@Z	?GetDescendantWindow@CWnd@@SGPAV1@PAUHWND__@@HH@Z	GetDlgItem;GetWindow
winapi	0x1bccb6	125	named-untracked	?SendMessageToDescendants@CWnd@@SGXPAUHWND__@@IIJHH@Z	?SendMessageToDescendants@CWnd@@SGXPAUHWND__@@IIJHH@Z	GetWindow;SendMessageA
winapi	0x1bcd38	48	named-untracked	?SetScrollPos@CWnd@@QAEHHHH@Z	?SetScrollPos@CWnd@@QAEHHHH@Z	SetScrollPos
winapi	0x1bcd68	40	named-untracked	?GetScrollPos@CWnd@@QBEHH@Z	?GetScrollPos@CWnd@@QBEHH@Z	GetScrollPos
winapi	0x1bcd90	51	named-untracked	?SetScrollRange@CWnd@@QAEXHHHH@Z	?SetScrollRange@CWnd@@QAEXHHHH@Z	SetScrollRange
winapi	0x1bcdc3	48	named-untracked	?SetScrollPos@CWnd@@QAEHHHH@Z	?SetScrollPos@CWnd@@QAEHHHH@Z	GetScrollRange
winapi	0x1bcdf3	67	named-untracked	?EnableScrollBarCtrl@CWnd@@QAEXHH@Z	?EnableScrollBarCtrl@CWnd@@QAEXHH@Z	ShowScrollBar
winapi	0x1bce36	77	named-untracked	?SetScrollInfo@CWnd@@QAEHHPAUtagSCROLLINFO@@H@Z	?SetScrollInfo@CWnd@@QAEHHPAUtagSCROLLINFO@@H@Z	SetScrollInfo
winapi	0x1bce83	77	named-untracked	?GetScrollInfo@CWnd@@QAEHHPAUtagSCROLLINFO@@I@Z	?GetScrollInfo@CWnd@@QAEHHPAUtagSCROLLINFO@@I@Z	GetScrollInfo
winapi	0x1bcf14	189	named-untracked	?ScrollWindow@CWnd@@QAEXHHPBUtagRECT@@0@Z	?ScrollWindow@CWnd@@QAEXHHPBUtagRECT@@0@Z	GetWindow;GetWindowRect;IsWindowVisible;ScrollWindow;SetWindowPos
winapi	0x1bcfd1	314	named-untracked	?RepositionBars@CWnd@@QAEXIIIIPAUtagRECT@@PBU2@H@Z	?RepositionBars@CWnd@@QAEXIIIIPAUtagRECT@@PBU2@H@Z	BeginDeferWindowPos;CopyRect;EndDeferWindowPos;GetClientRect;GetDlgCtrlID;GetTopWindow;GetWindow;SendMessageA
winapi	0x1bd10b	154	named-untracked	?AfxRepositionWindow@@YGXPAUAFX_SIZEPARENTPARAMS@@PAUHWND__@@PBUtagRECT@@@Z	?AfxRepositionWindow@@YGXPAUAFX_SIZEPARENTPARAMS@@PAUHWND__@@PBUtagRECT@@@Z	DeferWindowPos;EqualRect;GetParent;GetWindowRect;SetWindowPos
winapi	0x1bd1a5	43	named-untracked	?CalcWindowRect@CWnd@@UAEXPAUtagRECT@@I@Z	?CalcWindowRect@CWnd@@UAEXPAUtagRECT@@I@Z	AdjustWindowRectEx
winapi	0x1bd1d0	186	named-untracked	?HandleFloatingSysCommand@CWnd@@QAEHIJ@Z	?HandleFloatingSysCommand@CWnd@@QAEHIJ@Z	GetFocus;SendMessageA;SetFocus
winapi	0x1bd28a	66	named-untracked	?WalkPreTranslateTree@CWnd@@SGHPAUHWND__@@PAUtagMSG@@@Z	?WalkPreTranslateTree@CWnd@@SGHPAUHWND__@@PAUtagMSG@@@Z	GetParent
winapi	0x1bd2f9	164	named-untracked	?ReflectLastMsg@CWnd@@KGHPAUHWND__@@PAJ@Z	?ReflectLastMsg@CWnd@@KGHPAUHWND__@@PAJ@Z	GetParent
winapi	0x1bd39d	91	named-untracked	?OnChildNotify@CWnd@@MAEHIIJPAJ@Z	?OnChildNotify@CWnd@@MAEHIIJPAJ@Z	SendMessageA
winapi	0x1bd6bc	100	named-untracked	?OnHelpInfo@CWnd@@IAEHPAUtagHELPINFO@@@Z	?OnHelpInfo@CWnd@@IAEHPAUtagHELPINFO@@@Z	SendMessageA
winapi	0x1bd7d9	74	named-untracked	?OnEnterIdle@CWnd@@IAEXIPAV1@@Z	?OnEnterIdle@CWnd@@IAEXIPAV1@@Z	DispatchMessageA
winapi	0x1bd8ad	117	named-untracked	?GrayCtlColor@CWnd@@SGHPAUHDC__@@PAUHWND__@@IPAUHBRUSH__@@K@Z	?GrayCtlColor@CWnd@@SGHPAUHDC__@@PAUHWND__@@IPAUHBRUSH__@@K@Z	GetObjectA;GetSysColor;SetBkColor;SetTextColor
winapi	0x1bd9e3	378	named-untracked	?CenterWindow@CWnd@@QAEXPAV1@@Z	?CenterWindow@CWnd@@QAEXPAV1@@Z	GetWindow;GetWindowLongA;GetWindowRect;MapWindowPoints;SendMessageA;SystemParametersInfoA
winapi	0x1bdb61	80	named-untracked	?ExecuteDlgInit@CWnd@@QAEHPBD@Z	?ExecuteDlgInit@CWnd@@QAEHPBD@Z	FindResourceA;LoadResource;LockResource
winapi	0x1bdbb1	138	named-untracked	?ExecuteDlgInit@CWnd@@QAEHPAX@Z	?ExecuteDlgInit@CWnd@@QAEHPAX@Z	SendDlgItemMessageA
winapi	0x1bdc3b	261	named-untracked	?UpdateDialogControls@CWnd@@QAEXPAVCCmdTarget@@H@Z	?UpdateDialogControls@CWnd@@QAEXPAVCCmdTarget@@H@Z	GetDlgCtrlID;GetTopWindow;GetWindow;SendMessageA
winapi	0x1bdd70	351	named-untracked	?RunModalLoop@CWnd@@QAEHK@Z	?RunModalLoop@CWnd@@QAEHK@Z	GetParent;PeekMessageA;UpdateWindow
winapi	0x1bded6	36	named-untracked	?EndModalLoop@CWnd@@UAEXH@Z	?EndModalLoop@CWnd@@UAEXH@Z	PostMessageA
winapi	0x1bdefa	314	named-untracked	?AfxEndDeferRegisterClass@@YGHF@Z	?AfxEndDeferRegisterClass@@YGHF@Z	Ordinal_17
winapi	0x1be12a	67	named-untracked	?SubclassWindow@CWnd@@QAEHPAUHWND__@@@Z	?SubclassWindow@CWnd@@QAEHPAUHWND__@@@Z	SetWindowLongA
winapi	0x1be16d	103	named-untracked	?SubclassDlgItem@CWnd@@QAEHIPAV1@@Z	?SubclassDlgItem@CWnd@@QAEHIPAV1@@Z	GetDlgItem;GetParent
winapi	0x1be1d4	40	named-untracked	?UnsubclassWindow@CWnd@@QAEPAUHWND__@@XZ	?UnsubclassWindow@CWnd@@QAEPAUHWND__@@XZ	SetWindowLongA
winapi	0x1be21f	44	named-untracked	?CheckDlgButton@CWnd@@QAEXHI@Z	?CheckDlgButton@CWnd@@QAEXHI@Z	CheckDlgButton
winapi	0x1be24b	50	named-untracked	?CheckRadioButton@CWnd@@QAEXHHH@Z	?CheckRadioButton@CWnd@@QAEXHHH@Z	CheckRadioButton
winapi	0x1be27d	42	named-untracked	?GetDlgItem@CWnd@@QBEPAV1@H@Z	?GetDlgItem@CWnd@@QBEPAV1@H@Z	GetDlgItem
winapi	0x1be2a7	46	named-untracked	?GetDlgItem@CWnd@@QBEXHPAPAUHWND__@@@Z	?GetDlgItem@CWnd@@QBEXHPAPAUHWND__@@@Z	GetDlgItem
winapi	0x1be2d5	50	named-untracked	?GetDlgItemInt@CWnd@@QBEIHPAHH@Z	?GetDlgItemInt@CWnd@@QBEIHPAHH@Z	GetDlgItemInt
winapi	0x1be307	53	named-untracked	?GetDlgItemTextA@CWnd@@QBEHHPADH@Z	?GetDlgItemTextA@CWnd@@QBEHHPADH@Z	GetDlgItemTextA
winapi	0x1be33c	59	named-untracked	?SendDlgItemMessageA@CWnd@@QAEJHIIJ@Z	?SendDlgItemMessageA@CWnd@@QAEJHIIJ@Z	SendDlgItemMessageA
winapi	0x1be377	53	named-untracked	?SetDlgItemInt@CWnd@@QAEXHIH@Z	?SetDlgItemInt@CWnd@@QAEXHIH@Z	SetDlgItemInt
winapi	0x1be3ac	47	named-untracked	?SetDlgItemTextA@CWnd@@QAEXHPBD@Z	?SetDlgItemTextA@CWnd@@QAEXHPBD@Z	SetDlgItemTextA
winapi	0x1be3db	39	named-untracked	?IsDlgButtonChecked@CWnd@@QBEIH@Z	?IsDlgButtonChecked@CWnd@@QBEIH@Z	IsDlgButtonChecked
winapi	0x1be402	79	named-untracked	?ScrollWindowEx@CWnd@@QAEHHHPBUtagRECT@@0PAVCRgn@@PAU2@I@Z	?ScrollWindowEx@CWnd@@QAEHHHPBUtagRECT@@0PAVCRgn@@PAU2@I@Z	ScrollWindowEx
winapi	0x1be451	51	named-untracked	?IsDialogMessageA@CWnd@@QAEHPAUtagMSG@@@Z	?IsDialogMessageA@CWnd@@QAEHPAUtagMSG@@@Z	IsDialogMessageA
winapi	0x1be484	26	named-untracked	?GetStyle@CWnd@@QBEKXZ	?GetStyle@CWnd@@QBEKXZ	GetWindowLongA
winapi	0x1be49e	26	named-untracked	?GetExStyle@CWnd@@QBEKXZ	?GetExStyle@CWnd@@QBEKXZ	GetWindowLongA
winapi	0x1be520	39	named-untracked	?SetWindowTextA@CWnd@@QAEXPBD@Z	?SetWindowTextA@CWnd@@QAEXPBD@Z	SetWindowTextA
winapi	0x1be547	47	named-untracked	?GetWindowTextA@CWnd@@QBEHPADH@Z	?GetWindowTextA@CWnd@@QBEHPADH@Z	GetWindowTextA
winapi	0x1be576	27	named-untracked	?GetWindowTextLengthA@CWnd@@QBEHXZ	?GetWindowTextLengthA@CWnd@@QBEHXZ	GetWindowTextLengthA
winapi	0x1be591	27	named-untracked	?GetDlgCtrlID@CWnd@@QBEHXZ	?GetDlgCtrlID@CWnd@@QBEHXZ	GetDlgCtrlID
winapi	0x1be5ac	41	named-untracked	?SetDlgCtrlID@CWnd@@QAEHH@Z	?SetDlgCtrlID@CWnd@@QAEHH@Z	SetWindowLongA
winapi	0x1be5d5	65	named-untracked	?MoveWindow@CWnd@@QAEXHHHHH@Z	?MoveWindow@CWnd@@QAEXHHHHH@Z	MoveWindow
winapi	0x1be616	79	named-untracked	?SetWindowPos@CWnd@@QAEHPBV1@HHHHI@Z	?SetWindowPos@CWnd@@QAEHPBV1@HHHHI@Z	SetWindowPos
winapi	0x1be665	39	named-untracked	?ShowWindow@CWnd@@QAEHH@Z	?ShowWindow@CWnd@@QAEHH@Z	ShowWindow
winapi	0x1be68c	27	named-untracked	?IsWindowEnabled@CWnd@@QBEHXZ	?IsWindowEnabled@CWnd@@QBEHXZ	IsWindowEnabled
winapi	0x1be6a7	39	named-untracked	?EnableWindow@CWnd@@QAEHH@Z	?EnableWindow@CWnd@@QAEHH@Z	EnableWindow
winapi	0x1be6ce	33	named-untracked	?SetFocus@CWnd@@QAEPAV1@XZ	?SetFocus@CWnd@@QAEPAV1@XZ	SetFocus
winapi	0x1be7af	48	named-untracked	AttachControlSite	AttachControlSite	GetParent
winapi	0x1bebe1	144	named-untracked	?Enable@CCmdUI@@UAEXH@Z	?Enable@CCmdUI@@UAEXH@Z	EnableMenuItem;GetFocus;GetNextDlgTabItem;GetParent
winapi	0x1bec71	98	named-untracked	?SetCheck@CCmdUI@@UAEXH@Z	?SetCheck@CCmdUI@@UAEXH@Z	CheckMenuItem
winapi	0x1becd3	82	named-untracked	?SetRadio@CCmdUI@@UAEXH@Z	?SetRadio@CCmdUI@@UAEXH@Z	SetMenuItemBitmaps
winapi	0x1bed25	86	named-untracked	?SetText@CCmdUI@@UAEXPBD@Z	?SetText@CCmdUI@@UAEXPBD@Z	GetMenuState;ModifyMenuA
winapi	0x1bee62	39	named-untracked	?AfxLoadString@@YGHIPADI@Z	?AfxLoadString@@YGHIPADI@Z	LoadStringA
winapi	0x1bee89	120	named-untracked	?AfxExtractSubString@@YGHAAVCString@@PBDHD@Z	?AfxExtractSubString@@YGHAAVCString@@PBDHD@Z	lstrlenA
winapi	0x1bf16f	145	named-untracked	?Duplicate@CFile@@UBEPAV1@XZ	?Duplicate@CFile@@UBEPAV1@XZ	DuplicateHandle;GetLastError
winapi	0x1bf200	296	tracked	?Open@CFileIO@@QAEHPBDIPAX@Z	?Open@CFileIO@@QAEHPBDIPAX@Z	CreateFileA;GetLastError
winapi	0x1bf328	58	tracked	?Read@CFileIO@@QAEIPAXI@Z	?Read@CFileIO@@QAEIPAXI@Z	GetLastError;ReadFile
winapi	0x1bf362	75	tracked	?Write@CFileIO@@QAEXPBXI@Z	?Write@CFileIO@@QAEXPBXI@Z	GetLastError;WriteFile
winapi	0x1bf3ad	47	tracked	?Seek@CFileIO@@QAEJJH@Z	?Seek@CFileIO@@QAEJJH@Z	GetLastError;SetFilePointer
winapi	0x1bf3dc	41	tracked	?GetPosition@CFileIO@@QAEJXZ	?GetPosition@CFileIO@@QAEJXZ	GetLastError;SetFilePointer
winapi	0x1bf405	33	named-untracked	?Flush@CFile@@UAEXXZ	?Flush@CFile@@UAEXXZ	FlushFileBuffers;GetLastError
winapi	0x1bf426	65	tracked	?Close@CFileIO@@QAEXXZ	?Close@CFileIO@@QAEXXZ	CloseHandle;GetLastError
winapi	0x1bf467	32	named-untracked	?Abort@CFile@@UAEXXZ	?Abort@CFile@@UAEXXZ	CloseHandle
winapi	0x1bf487	41	named-untracked	?LockRange@CFile@@UAEXKK@Z	?LockRange@CFile@@UAEXKK@Z	GetLastError;LockFile
winapi	0x1bf4b0	41	named-untracked	?LockRange@CFile@@UAEXKK@Z	?LockRange@CFile@@UAEXKK@Z	GetLastError;UnlockFile
winapi	0x1bf4d9	44	named-untracked	?SetLength@CFile@@UAEXK@Z	?SetLength@CFile@@UAEXK@Z	GetLastError;SetEndOfFile
winapi	0x1bf537	34	named-untracked	?Rename@CFile@@SGXPBD0@Z	?Rename@CFile@@SGXPBD0@Z	GetLastError;MoveFileA
winapi	0x1bf559	30	named-untracked	?Remove@CFile@@SGXPBD@Z	?Remove@CFile@@SGXPBD@Z	DeleteFileA;GetLastError
winapi	0x1bf577	14	greenfield	FUN_005bf577	FUN_005bf577	FreeLibrary
winapi	0x1bf5c7	204	named-untracked	?GetClassObject@AFX_COM@@QAEJABU_GUID@@0PAPAX@Z	?GetClassObject@AFX_COM@@QAEJABU_GUID@@0PAPAX@Z	GetProcAddress;LoadLibraryA
winapi	0x1bf693	111	named-untracked	?AfxStringFromCLSID@@YG?AVCString@@ABU_GUID@@@Z	?AfxStringFromCLSID@@YG?AVCString@@ABU_GUID@@@Z	wsprintfA
winapi	0x1bf702	172	tracked	?Stub_1bf702@EngineLabelBacklog@@YAXXZ	?Stub_1bf702@EngineLabelBacklog@@YAXXZ	RegQueryValueExA
winapi	0x1bf7ae	330	named-untracked	?AfxResolveShortcut@@YGHPAVCWnd@@PBDPADH@Z	?AfxResolveShortcut@@YGHPAVCWnd@@PBDPADH@Z	SHGetFileInfoA;lstrlenA
winapi	0x1bf8f8	217	tracked	?Stub_1bf8f8@EngineLabelBacklog@@YAXXZ	?Stub_1bf8f8@EngineLabelBacklog@@YAXXZ	CharUpperA;FindClose;FindFirstFileA;GetFullPathNameA;GetVolumeInformationA;lstrcpyA;lstrcpynA
winapi	0x1bf9d1	198	named-untracked	?AfxGetRoot@@YGXPBDAAVCString@@@Z	?AfxGetRoot@@YGXPBDAAVCString@@@Z	lstrcpynA
winapi	0x1bfa97	195	named-untracked	?AfxComparePath@@YGHPBD0@Z	?AfxComparePath@@YGHPBD0@Z	GetSystemMetrics;GetThreadLocale;lstrcmpiA
winapi	0x1bfb5a	86	named-untracked	?AfxGetFileTitle@@YGIPBDPADI@Z	?AfxGetFileTitle@@YGIPBDPADI@Z	lstrlenA
winapi	0x1bfbb0	90	named-untracked	?AfxGetModuleShortFileName@@YGXPAUHINSTANCE__@@AAVCString@@@Z	?AfxGetModuleShortFileName@@YGXPAUHINSTANCE__@@AAVCString@@@Z	GetModuleFileNameA;GetShortPathNameA
winapi	0x1bfc32	55	named-untracked	?WinHelpA@CWinApp@@UAEXKI@Z	?WinHelpA@CWinApp@@UAEXKI@Z	PostMessageA
winapi	0x1bfd46	173	named-untracked	?DevModeChange@CWinApp@@QAEXPAD@Z	?DevModeChange@CWinApp@@QAEXPAD@Z	GlobalAlloc;lstrcmpA
winapi	0x1bfeb3	40	named-untracked	?AfxGetExceptionContext@@YAPAUAFX_EXCEPTION_CONTEXT@@XZ	?AfxGetExceptionContext@@YAPAUAFX_EXCEPTION_CONTEXT@@XZ	GetLastError;SetLastError
winapi	0x1bff99	42	named-untracked	Catch@005bff99	Catch@005bff99	SetEvent
winapi	0x1c0055	132	named-untracked	?AfxBeginThread@@YGPAVCWinThread@@P6AIPAX@Z0HIKPAU_SECURITY_ATTRIBUTES@@@Z	?AfxBeginThread@@YGPAVCWinThread@@P6AIPAX@Z0HIKPAU_SECURITY_ATTRIBUTES@@@Z	ResumeThread;SetThreadPriority
winapi	0x1c00d9	98	named-untracked	?AfxBeginThread@@YGPAVCWinThread@@PAUCRuntimeClass@@HIKPAU_SECURITY_ATTRIBUTES@@@Z	?AfxBeginThread@@YGPAVCWinThread@@PAUCRuntimeClass@@HIKPAU_SECURITY_ATTRIBUTES@@@Z	ResumeThread;SetThreadPriority
winapi	0x1c0183	95	named-untracked	?AfxInitThread@@YGXXZ	?AfxInitThread@@YGXXZ	GetCurrentThreadId;SetWindowsHookExA
winapi	0x1c0246	246	named-untracked	?CreateThread@CWinThread@@QAEHKIPAU_SECURITY_ATTRIBUTES@@@Z	?CreateThread@CWinThread@@QAEHKIPAU_SECURITY_ATTRIBUTES@@@Z	ResumeThread;SetEvent;SuspendThread;WaitForSingleObject
winapi	0x1c0351	127	named-untracked	?Run@CWinThread@@UAEHXZ	?Run@CWinThread@@UAEHXZ	PeekMessageA
winapi	0x1c042f	267	named-untracked	?OnIdle@CWinThread@@UAEHJ@Z	?OnIdle@CWinThread@@UAEHJ@Z	IsWindowVisible
winapi	0x1c06a4	37	named-untracked	AfxInternalProcessWndProcException	AfxInternalProcessWndProcException	ValidateRect
winapi	0x1c06c9	88	named-untracked	?_AfxMsgFilterHook@@YGJHIJ@Z	?_AfxMsgFilterHook@@YGJHIJ@Z	CallNextHookEx
winapi	0x1c0721	327	named-untracked	?ProcessMessageFilter@CWinThread@@UAEHHPAUtagMSG@@@Z	?ProcessMessageFilter@CWinThread@@UAEHHPAUtagMSG@@@Z	SendMessageA
winapi	0x1c08b3	27	named-untracked	?GetMainWnd@CWinThread@@UAEPAVCWnd@@XZ	?GetMainWnd@CWinThread@@UAEPAVCWnd@@XZ	GetActiveWindow
winapi	0x1c08ce	64	named-untracked	?PumpMessage@CWinThread@@UAEHXZ	?PumpMessage@CWinThread@@UAEHXZ	DispatchMessageA;GetMessageA;TranslateMessage
winapi	0x1c093d	65	named-untracked	??0CDialogTemplate@@QAE@PAX@Z	??0CDialogTemplate@@QAE@PAX@Z	GlobalLock;GlobalUnlock
winapi	0x1c097e	96	named-untracked	?SetTemplate@CDialogTemplate@@IAEHPBUDLGTEMPLATE@@I@Z	?SetTemplate@CDialogTemplate@@IAEHPBUDLGTEMPLATE@@I@Z	GlobalAlloc;GlobalLock;GlobalUnlock
winapi	0x1c09de	14	greenfield	FUN_005c09de	FUN_005c09de	GlobalFree
winapi	0x1c09ec	85	named-untracked	?Load@CDialogTemplate@@QAEHPBD@Z	?Load@CDialogTemplate@@QAEHPBD@Z	FindResourceA;LoadResource;LockResource;SizeofResource
winapi	0x1c0a47	43	named-untracked	?HasFont@CDialogTemplate@@QBEHXZ	?HasFont@CDialogTemplate@@QBEHXZ	GlobalLock;GlobalUnlock
winapi	0x1c0b7f	111	named-untracked	?GetFont@CDialogTemplate@@SAHPBUDLGTEMPLATE@@AAVCString@@AAG@Z	?GetFont@CDialogTemplate@@SAHPBUDLGTEMPLATE@@AAVCString@@AAG@Z	WideCharToMultiByte
winapi	0x1c0bee	46	named-untracked	?GetFont@CDialogTemplate@@QBEHAAVCString@@AAG@Z	?GetFont@CDialogTemplate@@QBEHAAVCString@@AAG@Z	GlobalLock;GlobalUnlock
winapi	0x1c0c1c	279	named-untracked	?SetFont@CDialogTemplate@@QAEHPBDG@Z	?SetFont@CDialogTemplate@@QAEHPBDG@Z	GlobalLock;GlobalUnlock;MultiByteToWideChar
winapi	0x1c0d33	145	named-untracked	?SetSystemFont@CDialogTemplate@@QAEHG@Z	?SetSystemFont@CDialogTemplate@@QAEHG@Z	GetDC;GetDeviceCaps;GetObjectA;MulDiv;ReleaseDC
winapi	0x1c0dc4	64	named-untracked	?GetSizeInDialogUnits@CDialogTemplate@@QBEXPAUtagSIZE@@@Z	?GetSizeInDialogUnits@CDialogTemplate@@QBEXPAUtagSIZE@@@Z	GlobalLock;GlobalUnlock
winapi	0x1c0e04	163	named-untracked	?GetSizeInPixels@CDialogTemplate@@QBEXPAUtagSIZE@@@Z	?GetSizeInPixels@CDialogTemplate@@QBEXPAUtagSIZE@@@Z	GetDialogBaseUnits
winapi	0x1c0ea7	257	named-untracked	?ConvertDialogUnitsToPixels@@YAXPBDGHHPAUtagSIZE@@@Z	?ConvertDialogUnitsToPixels@@YAXPBDGHHPAUtagSIZE@@@Z	CreateFontIndirectA;DeleteObject;GetDC;GetDeviceCaps;GetTextExtentPointA;GetTextMetricsA;MulDiv;ReleaseDC;lstrcpyA
winapi	0x1c127b	88	named-untracked	?UpdateSysMetrics@AUX_DATA@@QAEXXZ	?UpdateSysMetrics@AUX_DATA@@QAEXXZ	GetDC;ReleaseDC
winapi	0x1c13e0	22	named-untracked	?DeleteImageList@CImageList@@QAEHXZ	?DeleteImageList@CImageList@@QAEHXZ	DestroyMenu
winapi	0x1c152f	218	tracked	?Stub_1c152f@EngineLabelBacklog@@YAXXZ	?Stub_1c152f@EngineLabelBacklog@@YAXXZ	GetFileAttributesA;GetFileSize;GetFileTime;lstrcpynA
winapi	0x1c1609	178	tracked	?Stub_1c1609@EngineLabelBacklog@@YAXXZ	?Stub_1c1609@EngineLabelBacklog@@YAXXZ	FindClose;FindFirstFileA
winapi	0x1c16bb	175	named-untracked	?AfxTimeToFileTime@@YAXABVCTime@@PAU_FILETIME@@@Z	?AfxTimeToFileTime@@YAXABVCTime@@PAU_FILETIME@@@Z	LocalFileTimeToFileTime;SystemTimeToFileTime
winapi	0x1c176a	301	tracked	?Stub_1c176a@EngineLabelBacklog@@YAXXZ	?Stub_1c176a@EngineLabelBacklog@@YAXXZ	CloseHandle;CreateFileA;GetFileAttributesA;SetFileAttributesA;SetFileTime
winapi	0x1c18fc	160	named-untracked	?GetErrorMessage@CFileException@@UAEHPADIPAI@Z	?GetErrorMessage@CFileException@@UAEHPADIPAI@Z	lstrcpynA
winapi	0x1c1ebe	265	named-untracked	?GetDisplayName@CRecentFileList@@QBEHAAVCString@@HPBDHH@Z	?GetDisplayName@CRecentFileList@@QBEHAAVCString@@HPBDHH@Z	lstrcmpiA;lstrcpyA;lstrcpynA;lstrlenA
winapi	0x1c1fc7	586	named-untracked	?UpdateMenu@CRecentFileList@@UAEXPAVCCmdUI@@@Z	?UpdateMenu@CRecentFileList@@UAEXPAVCCmdUI@@@Z	DeleteMenu;GetCurrentDirectoryA;GetMenuItemCount;GetMenuStringA;InsertMenuA;lstrlenA;wsprintfA
winapi	0x1c2211	126	named-untracked	?WriteList@CRecentFileList@@UAEXXZ	?WriteList@CRecentFileList@@UAEXXZ	wsprintfA
winapi	0x1c228f	156	named-untracked	?ReadList@CRecentFileList@@UAEXXZ	?ReadList@CRecentFileList@@UAEXXZ	wsprintfA
winapi	0x1c232b	216	named-untracked	?AbbreviateName@@YAXPADHH@Z	?AbbreviateName@@YAXPADHH@Z	lstrcpyA;lstrlenA
winapi	0x1c5783	64	named-untracked	??1CDC@@UAE@XZ	??1CDC@@UAE@XZ	DeleteDC
winapi	0x1c57e1	56	named-untracked	?StartDocA@CDC@@QAEHPBD@Z	?StartDocA@CDC@@QAEHPBD@Z	StartDocA
winapi	0x1c58a5	69	named-untracked	?SelectStockObject@CDC@@UAEPAVCGdiObject@@H@Z	?SelectStockObject@CDC@@UAEPAVCGdiObject@@H@Z	GetStockObject
winapi	0x1c5a31	34	named-untracked	?SelectPalette@CDC@@QAEPAVCPalette@@PAV2@H@Z	?SelectPalette@CDC@@QAEPAVCPalette@@PAV2@H@Z	SelectPalette
winapi	0x1c5e53	16	named-untracked	?RectVisible@CDC@@UBEHPBUtagRECT@@@Z	?RectVisible@CDC@@UBEHPBUtagRECT@@@Z	GetClipBox
winapi	0x1c60a5	53	named-untracked	LineTo	LineTo	LineTo;MoveToEx
winapi	0x1c61bc	88	named-untracked	ArcTo	ArcTo	ArcTo;GetCurrentPositionEx;MoveToEx
winapi	0x1c624c	73	named-untracked	PolyDraw	PolyDraw	GetCurrentPositionEx;MoveToEx;PolyDraw
winapi	0x1c6295	70	named-untracked	FID_conflict:PolyBezierTo	FID_conflict:PolyBezierTo	GetCurrentPositionEx;MoveToEx;PolylineTo
winapi	0x1c6313	70	named-untracked	FID_conflict:PolyBezierTo	FID_conflict:PolyBezierTo	GetCurrentPositionEx;MoveToEx;PolyBezierTo
winapi	0x1c6359	94	named-untracked	?SelectClipPath@CDC@@QAEHH@Z	?SelectClipPath@CDC@@QAEHH@Z	CreateRectRgn;DeleteObject;GetClipRgn;SelectClipPath;SelectClipRgn
winapi	0x1c640b	564	named-untracked	?AfxEnumMetaFileProc@@YGHPAUHDC__@@PAUtagHANDLETABLE@@PAUtagMETARECORD@@HJ@Z	?AfxEnumMetaFileProc@@YGHPAUHDC__@@PAUtagHANDLETABLE@@PAUtagMETARECORD@@HJ@Z	GetObjectType;GetStockObject;PlayMetaFileRecord
winapi	0x1c663f	57	named-untracked	PlayMetaFile	PlayMetaFile	EnumMetaFile;GetDeviceCaps;PlayMetaFile
winapi	0x1c6678	105	named-untracked	?LPtoDP@CDC@@QBEXPAUtagSIZE@@@Z	?LPtoDP@CDC@@QBEXPAUtagSIZE@@@Z	GetViewportExtEx;GetWindowExtEx
winapi	0x1c66e1	105	named-untracked	?DPtoLP@CDC@@QBEXPAUtagSIZE@@@Z	?DPtoLP@CDC@@QBEXPAUtagSIZE@@@Z	GetViewportExtEx;GetWindowExtEx
winapi	0x1c674a	86	named-untracked	??0CClientDC@@QAE@PAVCWnd@@@Z	??0CClientDC@@QAE@PAVCWnd@@@Z	GetDC
winapi	0x1c67bc	66	named-untracked	??1CClientDC@@UAE@XZ	??1CClientDC@@UAE@XZ	ReleaseDC
winapi	0x1c67fe	86	named-untracked	??0CClientDC@@QAE@PAVCWnd@@@Z	??0CClientDC@@QAE@PAVCWnd@@@Z	GetWindowDC
winapi	0x1c6870	66	named-untracked	??1CClientDC@@UAE@XZ	??1CClientDC@@UAE@XZ	ReleaseDC
winapi	0x1c68b2	86	named-untracked	??0CPaintDC@@QAE@PAVCWnd@@@Z	??0CPaintDC@@QAE@PAVCWnd@@@Z	BeginPaint
winapi	0x1c6924	71	named-untracked	~CPaintDC	~CPaintDC	EndPaint
winapi	0x1c6a5c	22	named-untracked	?DeleteImageList@CImageList@@QAEHXZ	?DeleteImageList@CImageList@@QAEHXZ	DeleteObject
winapi	0x1c6a72	80	named-untracked	??0CPen@@QAE@HHK@Z	??0CPen@@QAE@HHK@Z	CreatePen
winapi	0x1c6ac2	86	named-untracked	??0CPen@@QAE@HHPBUtagLOGBRUSH@@HPBK@Z	??0CPen@@QAE@HHPBUtagLOGBRUSH@@HPBK@Z	ExtCreatePen
winapi	0x1c6b18	74	named-untracked	??0CBrush@@QAE@K@Z	??0CBrush@@QAE@K@Z	CreateSolidBrush
winapi	0x1c6b62	77	named-untracked	??0CBrush@@QAE@HK@Z	??0CBrush@@QAE@HK@Z	CreateHatchBrush
winapi	0x1c6baf	77	named-untracked	??0CBrush@@QAE@PAVCBitmap@@@Z	??0CBrush@@QAE@PAVCBitmap@@@Z	CreatePatternBrush
winapi	0x1c6bfc	50	named-untracked	CreateDIBPatternBrush	CreateDIBPatternBrush	CreateDIBPatternBrushPt;GlobalLock;GlobalUnlock
winapi	0x1c6e20	144	named-untracked	?Load@CRuntimeClass@@SGPAU1@AAVCArchive@@PAI@Z	?Load@CRuntimeClass@@SGPAU1@AAVCArchive@@PAI@Z	lstrcmpA
winapi	0x1c6eb0	56	named-untracked	?Store@CRuntimeClass@@QBEXAAVCArchive@@@Z	?Store@CRuntimeClass@@QBEXAAVCArchive@@@Z	lstrlenA
winapi	0x1c7392	29	named-untracked	?WriteString@CArchive@@QAEXPBD@Z	?WriteString@CArchive@@QAEXPBD@Z	lstrlenA
winapi	0x1c7466	155	named-untracked	?ReadString@CArchive@@QAEHAAVCString@@@Z	?ReadString@CArchive@@QAEHAAVCString@@@Z	lstrlenA
winapi	0x1c79c8	120	named-untracked	?AfxCustomLogFont@@YGHIPAUtagLOGFONTA@@@Z	?AfxCustomLogFont@@YGHIPAUtagLOGFONTA@@@Z	MulDiv;lstrcpynA
winapi	0x1c7a40	74	named-untracked	?_AfxIsComboBoxControl@@YGHPAUHWND__@@I@Z	?_AfxIsComboBoxControl@@YGHPAUHWND__@@I@Z	GetClassNameA;GetWindowLongA;lstrcmpiA
winapi	0x1c7a8a	43	named-untracked	?_AfxCompareClassName@@YGHPAUHWND__@@PBD@Z	?_AfxCompareClassName@@YGHPAUHWND__@@PBD@Z	GetClassNameA;lstrcmpiA
winapi	0x1c7ab5	117	named-untracked	?_AfxChildWindowFromPoint@@YGPAUHWND__@@PAU1@UtagPOINT@@@Z	?_AfxChildWindowFromPoint@@YGPAUHWND__@@PAU1@UtagPOINT@@@Z	ClientToScreen;GetDlgCtrlID;GetWindowLongA;GetWindowRect;PtInRect
winapi	0x1c7b2a	88	named-untracked	?AfxSetWindowText@@YGXPAUHWND__@@PBD@Z	?AfxSetWindowText@@YGXPAUHWND__@@PBD@Z	GetWindowTextA;SetWindowTextA;lstrcmpA;lstrlenA
winapi	0x1c7b82	25	named-untracked	?AfxDeleteObject@@YGXPAPAX@Z	?AfxDeleteObject@@YGXPAPAX@Z	DeleteObject
winapi	0x1c7b9b	119	named-untracked	?AfxCancelModes@@YGXPAUHWND__@@@Z	?AfxCancelModes@@YGXPAUHWND__@@@Z	GetDesktopWindow;GetFocus;GetWindowLongA;SendMessageA
winapi	0x1c7c12	54	named-untracked	?AfxGlobalFree@@YGXPAX@Z	?AfxGlobalFree@@YGXPAX@Z	GlobalFlags;GlobalFree;GlobalUnlock
winapi	0x1c7cb3	375	tracked	?Stub_1c7cb3@EngineLabelBacklog@@YAXXZ	?Stub_1c7cb3@EngineLabelBacklog@@YAXXZ	FindWindowA;GetVersionExA;RegCloseKey;RegOpenKeyExA;RegQueryValueExA;RegisterWindowMessageA;SendMessageA;SystemParametersInfoA
winapi	0x1c7e78	217	named-untracked	?OnPrepareDC@CScrollView@@UAEXPAVCDC@@PAUCPrintInfo@@@Z	?OnPrepareDC@CScrollView@@UAEXPAVCDC@@PAUCPrintInfo@@@Z	GetClientRect
winapi	0x1c7f51	139	named-untracked	?SetScaleToFitSize@CScrollView@@QAEXUtagSIZE@@@Z	?SetScaleToFitSize@CScrollView@@QAEXUtagSIZE@@@Z	GetClientRect;InvalidateRect
winapi	0x1c7fdc	306	named-untracked	?SetScrollSizes@CScrollView@@QAEXHUtagSIZE@@ABU2@1@Z	?SetScrollSizes@CScrollView@@QAEXHUtagSIZE@@ABU2@1@Z	InvalidateRect
winapi	0x1c810e	132	named-untracked	?GetScrollPosition@CScrollView@@QBE?AVCPoint@@XZ	?GetScrollPosition@CScrollView@@QBE?AVCPoint@@XZ	DPtoLP
winapi	0x1c8192	161	named-untracked	?ScrollToPosition@CScrollView@@QAEXUtagPOINT@@@Z	?ScrollToPosition@CScrollView@@QAEXUtagPOINT@@@Z	LPtoDP
winapi	0x1c8233	121	named-untracked	?GetDeviceScrollPosition@CScrollView@@QBE?AVCPoint@@XZ	?GetDeviceScrollPosition@CScrollView@@QBE?AVCPoint@@XZ	GetClientRect
winapi	0x1c8337	131	named-untracked	?FillOutsideRect@CScrollView@@QAEXPAVCDC@@PAVCBrush@@@Z	?FillOutsideRect@CScrollView@@QAEXPAVCDC@@PAVCBrush@@@Z	GetClientRect
winapi	0x1c83ba	282	named-untracked	?ResizeParentToFit@CScrollView@@QAEXH@Z	?ResizeParentToFit@CScrollView@@QAEXH@Z	GetWindowRect
winapi	0x1c84fc	174	named-untracked	?CenterOnPoint@CScrollView@@IAEXVCPoint@@@Z	?CenterOnPoint@CScrollView@@IAEXVCPoint@@@Z	GetClientRect
winapi	0x1c8604	117	named-untracked	?GetTrueClientSize@CScrollView@@IAEHAAVCSize@@0@Z	?GetTrueClientSize@CScrollView@@IAEHAAVCSize@@0@Z	GetClientRect
winapi	0x1c8735	374	named-untracked	?UpdateBars@CScrollView@@IAEXXZ	?UpdateBars@CScrollView@@IAEXXZ	GetClientRect;GetParent;SendMessageA
winapi	0x1c88ab	135	named-untracked	?CalcWindowRect@CScrollView@@UAEXPAUtagRECT@@I@Z	?CalcWindowRect@CScrollView@@UAEXPAUtagRECT@@I@Z	AdjustWindowRectEx
winapi	0x1c89f2	292	named-untracked	?DoMouseWheel@CScrollView@@QAEHIFVCPoint@@@Z	?DoMouseWheel@CScrollView@@QAEHIFVCPoint@@@Z	MulDiv;UpdateWindow
winapi	0x1c8b16	208	named-untracked	?OnScroll@CScrollView@@UAEHIIH@Z	?OnScroll@CScrollView@@UAEHIIH@Z	UpdateWindow
winapi	0x1c8ce7	160	named-untracked	?GetErrorMessage@CArchiveException@@UAEHPADIPAI@Z	?GetErrorMessage@CArchiveException@@UAEHPADIPAI@Z	lstrcpynA
winapi	0x1c8f38	104	named-untracked	?CalcWindowRect@CView@@UAEXPAUtagRECT@@I@Z	?CalcWindowRect@CView@@UAEXPAUtagRECT@@I@Z	AdjustWindowRectEx
winapi	0x1c9069	16	named-untracked	?OnUpdate@CView@@MAEXPAV1@JPAVCObject@@@Z	?OnUpdate@CView@@MAEXPAV1@JPAVCObject@@@Z	InvalidateRect
winapi	0x1c90b1	109	named-untracked	?OnMouseActivate@CView@@IAEHPAVCWnd@@II@Z	?OnMouseActivate@CView@@IAEHPAVCWnd@@II@Z	GetFocus;IsChild
winapi	0x1c9146	94	named-untracked	?GetParentSplitter@CView@@SGPAVCSplitterWnd@@PBVCWnd@@H@Z	?GetParentSplitter@CView@@SGPAVCSplitterWnd@@PBVCWnd@@H@Z	IsIconic
winapi	0x1c91a4	117	named-untracked	?GetScrollBarCtrl@CView@@UBEPAVCScrollBar@@H@Z	?GetScrollBarCtrl@CView@@UBEPAVCScrollBar@@H@Z	GetDlgCtrlID
winapi	0x1c92f6	203	named-untracked	?OnEndPrintPreview@CView@@MAEXPAVCDC@@PAUCPrintInfo@@UtagPOINT@@PAVCPreviewView@@@Z	?OnEndPrintPreview@CView@@MAEXPAVCDC@@PAUCPrintInfo@@UtagPOINT@@PAVCPreviewView@@@Z	IsIconic;SendMessageA;UpdateWindow
winapi	0x1c97c8	46	named-untracked	?DoFileSave@CDocument@@UAEHXZ	?DoFileSave@CDocument@@UAEHXZ	GetFileAttributesA
winapi	0x1c9a98	368	named-untracked	?ReportSaveLoadException@CDocument@@UAEXPBDPAVCException@@HI@Z	?ReportSaveLoadException@CDocument@@UAEXPBDPAVCException@@HI@Z	lstrcpynA
winapi	0x1c9c08	455	named-untracked	?Open@CMirrorFile@@UAEHPBDIPAVCFileException@@@Z	?Open@CMirrorFile@@UAEHPBDIPAVCFileException@@@Z	GetDiskFreeSpaceA;GetFileTime;GetFullPathNameA;GetTempFileNameA;SetFileSecurityA;SetFileTime
winapi	0x1cc7c3	50	named-untracked	?HideApplication@CWinApp@@QAEXXZ	?HideApplication@CWinApp@@QAEXXZ	ShowOwnedPopups
winapi	0x1cc7f5	95	named-untracked	?DoWaitCursor@CWinApp@@UAEXH@Z	?DoWaitCursor@CWinApp@@UAEXH@Z	SetCursor
winapi	0x1cc882	186	named-untracked	?DoMessageBox@CWinApp@@UAEHPBDII@Z	?DoMessageBox@CWinApp@@UAEHPBDII@Z	EnableWindow;MessageBoxA
winapi	0x1cc9c3	57	named-untracked	?MessageBoxA@CWnd@@QAEHPBD0I@Z	?MessageBoxA@CWnd@@QAEHPBD0I@Z	MessageBoxA
winapi	0x1ccae7	117	tracked	?Stub_1ccae7@EngineLabelBacklog@@YAXXZ	?Stub_1ccae7@EngineLabelBacklog@@YAXXZ	RegCloseKey;RegSetValueExA;WritePrivateProfileStringA;wsprintfA
winapi	0x1ccb5c	160	tracked	?Stub_1ccb5c@EngineLabelBacklog@@YAXXZ	?Stub_1ccb5c@EngineLabelBacklog@@YAXXZ	RegCloseKey;RegDeleteKeyA;RegDeleteValueA;RegSetValueExA;WritePrivateProfileStringA;lstrlenA
winapi	0x1ccbfc	161	tracked	?Stub_1ccbfc@EngineLabelBacklog@@YAXXZ	?Stub_1ccbfc@EngineLabelBacklog@@YAXXZ	RegCloseKey;RegSetValueExA
winapi	0x1cccd7	255	named-untracked	?AfxFormatStrings@@YGXAAVCString@@PBDPBQBDH@Z	?AfxFormatStrings@@YGXAAVCString@@PBDPBQBDH@Z	lstrcpyA;lstrlenA
winapi	0x1ce98a	146	named-untracked	?DPtoHIMETRIC@CDC@@QBEXPAUtagSIZE@@@Z	?DPtoHIMETRIC@CDC@@QBEXPAUtagSIZE@@@Z	GetMapMode
winapi	0x1cea1c	146	named-untracked	?HIMETRICtoDP@CDC@@QBEXPAUtagSIZE@@@Z	?HIMETRICtoDP@CDC@@QBEXPAUtagSIZE@@@Z	GetMapMode
winapi	0x1ceae4	115	named-untracked	?GetHalftoneBrush@CDC@@SGPAVCBrush@@XZ	?GetHalftoneBrush@CDC@@SGPAVCBrush@@XZ	CreateBitmap;CreatePatternBrush;DeleteObject
winapi	0x1ceb57	789	named-untracked	?DrawDragRect@CDC@@QAEXPBUtagRECT@@UtagSIZE@@01PAVCBrush@@2@Z	?DrawDragRect@CDC@@QAEXPBUtagRECT@@UtagSIZE@@01PAVCBrush@@2@Z	CombineRgn;CopyRect;CreateRectRgn;CreateRectRgnIndirect;InflateRect;IntersectRect;PatBlt;SetRectRgn
winapi	0x1cee6c	42	named-untracked	FillSolidRect	FillSolidRect	ExtTextOutA;SetBkColor
winapi	0x1cee96	76	named-untracked	?FillSolidRect@CDC@@QAEXHHHHK@Z	?FillSolidRect@CDC@@QAEXHHHHK@Z	ExtTextOutA;SetBkColor
winapi	0x1cef77	69	named-untracked	?CreatePointFont@CFont@@QAEHHPBDPAVCDC@@@Z	?CreatePointFont@CFont@@QAEHHPBDPAVCDC@@@Z	lstrcpynA
winapi	0x1cefbc	158	named-untracked	?CreatePointFontIndirect@CFont@@QAEHPBUtagLOGFONTA@@PAVCDC@@@Z	?CreatePointFontIndirect@CFont@@QAEHPBUtagLOGFONTA@@PAVCDC@@@Z	CreateFontIndirectA;GetDC;GetDeviceCaps;ReleaseDC
winapi	0x1cf176	85	named-untracked	_$E353	_$E353	RegisterWindowMessageA
winapi	0x1cf1d1	198	named-untracked	??0CFrameWnd@@QAE@XZ	??0CFrameWnd@@QAE@XZ	SetRectEmpty
winapi	0x1cf362	38	named-untracked	?LoadAccelTable@CFrameWnd@@QAEHPBD@Z	?LoadAccelTable@CFrameWnd@@QAEHPBD@Z	LoadAcceleratorsA
winapi	0x1cf3ac	119	named-untracked	?PreTranslateMessage@CFrameWnd@@UAEHPAUtagMSG@@@Z	?PreTranslateMessage@CFrameWnd@@UAEHPAUtagMSG@@@Z	TranslateAcceleratorA
winapi	0x1cf46c	107	named-untracked	?ExitHelpMode@CFrameWnd@@UAEXXZ	?ExitHelpMode@CFrameWnd@@UAEXXZ	GetCapture;PeekMessageA;ReleaseCapture
winapi	0x1cf4d7	42	named-untracked	?OnSetCursor@CFrameWnd@@IAEHPAVCWnd@@II@Z	?OnSetCursor@CFrameWnd@@IAEHPAVCWnd@@II@Z	SetCursor
winapi	0x1cf602	301	named-untracked	?BeginModalState@CFrameWnd@@UAEXXZ	?BeginModalState@CFrameWnd@@UAEXXZ	EnableWindow;IsWindowEnabled;SendMessageA
winapi	0x1cf72f	111	named-untracked	?EndModalState@CFrameWnd@@UAEXXZ	?EndModalState@CFrameWnd@@UAEXXZ	EnableWindow;IsWindow
winapi	0x1cf79e	162	named-untracked	?ShowOwnedWindows@CFrameWnd@@QAEXH@Z	?ShowOwnedWindows@CFrameWnd@@QAEXH@Z	GetDesktopWindow;GetWindowLongA
winapi	0x1cf840	190	named-untracked	?OnEnable@CFrameWnd@@IAEXH@Z	?OnEnable@CFrameWnd@@IAEXH@Z	GetActiveWindow;GetParent;SetFocus
winapi	0x1cf8fe	170	named-untracked	?NotifyFloatingWindows@CFrameWnd@@QAEXK@Z	?NotifyFloatingWindows@CFrameWnd@@QAEXK@Z	GetDesktopWindow
winapi	0x1cfa00	152	named-untracked	?Create@CFrameWnd@@QAEHPBD0KABUtagRECT@@PAVCWnd@@0KPAUCCreateContext@@@Z	?Create@CFrameWnd@@QAEHPBD0KABUtagRECT@@PAVCWnd@@0KPAUCCreateContext@@@Z	DestroyMenu;LoadMenuA
winapi	0x1cfb41	79	named-untracked	?OnCreateHelper@CFrameWnd@@IAEHPAUtagCREATESTRUCTA@@PAUCCreateContext@@@Z	?OnCreateHelper@CFrameWnd@@IAEHPAUtagCREATESTRUCTA@@PAUCCreateContext@@@Z	PostMessageA
winapi	0x1cfb90	131	named-untracked	GetIconWndClass	GetIconWndClass	GetClassInfoA;LoadIconA
winapi	0x1cfc13	235	named-untracked	?LoadFrame@CFrameWnd@@UAEHIKPAVCWnd@@PAUCCreateContext@@@Z	?LoadFrame@CFrameWnd@@UAEHIKPAVCWnd@@PAUCCreateContext@@@Z	GetMenu
winapi	0x1cfcfe	58	named-untracked	?OnUpdateFrameMenu@CFrameWnd@@UAEXPAUHMENU__@@@Z	?OnUpdateFrameMenu@CFrameWnd@@UAEXPAUHMENU__@@@Z	SetMenu
winapi	0x1cfef8	79	named-untracked	?OnDestroy@CFrameWnd@@IAEXXZ	?OnDestroy@CFrameWnd@@IAEXXZ	GetMenu;SetMenu;WinHelpA
winapi	0x1cffd4	41	named-untracked	?OnHScroll@CFrameWnd@@IAEXIIPAVCScrollBar@@@Z	?OnHScroll@CFrameWnd@@IAEXIIPAVCScrollBar@@@Z	SendMessageA
winapi	0x1cfffd	41	named-untracked	?OnVScroll@CFrameWnd@@IAEXIIPAVCScrollBar@@@Z	?OnVScroll@CFrameWnd@@IAEXIIPAVCScrollBar@@@Z	SendMessageA
winapi	0x1d00a2	212	named-untracked	?OnActivate@CFrameWnd@@IAEXIPAVCWnd@@H@Z	?OnActivate@CFrameWnd@@IAEXIPAVCWnd@@H@Z	SendMessageA
winapi	0x1d0244	117	named-untracked	?OnDropFiles@CFrameWnd@@IAEXPAUHDROP__@@@Z	?OnDropFiles@CFrameWnd@@IAEXPAUHDROP__@@@Z	DragFinish;SetActiveWindow
winapi	0x1d030e	187	named-untracked	?OnDDEInitiate@CFrameWnd@@IAEJIJ@Z	?OnDDEInitiate@CFrameWnd@@IAEJIJ@Z	SendMessageA
winapi	0x1d03c9	155	named-untracked	?OnDDEExecute@CFrameWnd@@IAEJIJ@Z	?OnDDEExecute@CFrameWnd@@IAEJIJ@Z	GlobalLock;GlobalUnlock;PostMessageA;lstrcpynA
winapi	0x1d0606	357	named-untracked	?OnInitMenuPopup@CFrameWnd@@IAEXPAVCMenu@@IH@Z	?OnInitMenuPopup@CFrameWnd@@IAEXPAVCMenu@@IH@Z	GetMenuItemCount;GetSubMenu
winapi	0x1d076b	239	named-untracked	?OnMenuSelect@CFrameWnd@@IAEXIIPAUHMENU__@@@Z	?OnMenuSelect@CFrameWnd@@IAEXIIPAUHMENU__@@@Z	GetParent;PostMessageA;SendMessageA;UpdateWindow
winapi	0x1d09e2	23	named-untracked	?SetMessageText@CFrameWnd@@QAEXI@Z	?SetMessageText@CFrameWnd@@QAEXI@Z	SendMessageA
winapi	0x1d0a82	52	named-untracked	?GetControlBar@CFrameWnd@@QAEPAVCControlBar@@I@Z	?GetControlBar@CFrameWnd@@QAEPAVCControlBar@@I@Z	GetDlgCtrlID
winapi	0x1d0b24	225	named-untracked	?OnToolTipText@CFrameWnd@@IAEHIPAUtagNMHDR@@PAJ@Z	?OnToolTipText@CFrameWnd@@IAEHIPAUtagNMHDR@@PAJ@Z	GetDlgCtrlID;SetWindowPos;lstrcpynA
winapi	0x1d0c05	97	named-untracked	?OnUpdateKeyIndicator@CFrameWnd@@IAEXPAVCCmdUI@@@Z	?OnUpdateKeyIndicator@CFrameWnd@@IAEXPAVCCmdUI@@@Z	GetKeyState
winapi	0x1d0cd9	253	named-untracked	?UpdateFrameTitleForDocument@CFrameWnd@@IAEXPBD@Z	?UpdateFrameTitleForDocument@CFrameWnd@@IAEXPBD@Z	lstrcpyA;lstrlenA;wsprintfA
winapi	0x1d0dd6	539	named-untracked	?OnSetPreviewMode@CFrameWnd@@UAEXHPAUCPrintPreviewState@@@Z	?OnSetPreviewMode@CFrameWnd@@UAEXHPAUCPrintPreviewState@@@Z	GetDlgCtrlID;GetMenu;InvalidateRect;SetMenu;SetWindowLongA;ShowWindow
winapi	0x1d1005	111	named-untracked	?OnIdleUpdateCmdUI@CFrameWnd@@IAEXXZ	?OnIdleUpdateCmdUI@CFrameWnd@@IAEXXZ	UpdateWindow
winapi	0x1d1164	122	named-untracked	?NegotiateBorderSpace@CFrameWnd@@UAEHIPAUtagRECT@@@Z	?NegotiateBorderSpace@CFrameWnd@@UAEHIPAUtagRECT@@@Z	CopyRect;EqualRect;SetRectEmpty
winapi	0x1d1213	168	named-untracked	?OnRegisteredMouseWheel@CFrameWnd@@IAEJIJ@Z	?OnRegisteredMouseWheel@CFrameWnd@@IAEJIJ@Z	GetDesktopWindow;GetFocus;GetParent;SendMessageA
winapi	0x1d12bb	80	named-untracked	?ActivateFrame@CFrameWnd@@UAEXH@Z	?ActivateFrame@CFrameWnd@@UAEXH@Z	IsIconic;IsWindowVisible
winapi	0x1d130b	47	named-untracked	BringToTop	BringToTop	BringWindowToTop;GetLastActivePopup
winapi	0x1d307e	222	named-untracked	?_AfxLoadDotBitmap@@YGXXZ	?_AfxLoadDotBitmap@@YGXXZ	CreateBitmap;GetMenuCheckMarkDimensions;LoadBitmapA
winapi	0x1d366e	53	named-untracked	Unlock	Unlock	InterlockedDecrement
winapi	0x1d38c5	234	named-untracked	??0CWinApp@@QAE@PBD@Z	??0CWinApp@@QAE@PBD@Z	GetCurrentThread;GetCurrentThreadId
winapi	0x1d3f62	285	named-untracked	?SetCurrentHandles@CWinApp@@QAEXXZ	?SetCurrentHandles@CWinApp@@QAEXXZ	GetModuleFileNameA;lstrcatA;lstrcpyA
winapi	0x1d407f	86	named-untracked	?AfxGetFileName@@YGIPBDPADI@Z	?AfxGetFileName@@YGIPBDPADI@Z	lstrcpynA;lstrlenA
winapi	0x1d4324	50	named-untracked	?CommonConstruct@CWinThread@@QAEXXZ	?CommonConstruct@CWinThread@@QAEXXZ	GetCursorPos
winapi	0x1d43ea	30	named-untracked	??2CNoTrackObject@@SGPAXI@Z	??2CNoTrackObject@@SGPAXI@Z	LocalAlloc
winapi	0x1d4408	20	named-untracked	??3CNoTrackObject@@SGXPAX@Z	??3CNoTrackObject@@SGXPAX@Z	LocalFree
winapi	0x1d441c	66	named-untracked	??0CThreadSlotData@@QAE@XZ	??0CThreadSlotData@@QAE@XZ	InitializeCriticalSection;TlsAlloc
winapi	0x1d445e	87	named-untracked	??1CThreadSlotData@@QAE@XZ	??1CThreadSlotData@@QAE@XZ	DeleteCriticalSection;GlobalFree;GlobalHandle;GlobalUnlock;TlsFree
winapi	0x1d44b5	274	named-untracked	?AllocSlot@CThreadSlotData@@QAEHXZ	?AllocSlot@CThreadSlotData@@QAEHXZ	EnterCriticalSection;GlobalAlloc;GlobalHandle;GlobalReAlloc;GlobalUnlock;LeaveCriticalSection
winapi	0x1d45c7	93	named-untracked	?FreeSlot@CThreadSlotData@@QAEXH@Z	?FreeSlot@CThreadSlotData@@QAEXH@Z	EnterCriticalSection;LeaveCriticalSection
winapi	0x1d4624	227	named-untracked	?SetValue@CThreadSlotData@@QAEXHPAX@Z	?SetValue@CThreadSlotData@@QAEXHPAX@Z	EnterCriticalSection;LeaveCriticalSection;LocalAlloc;LocalReAlloc;TlsGetValue;TlsSetValue
winapi	0x1d4729	65	named-untracked	?AssignInstance@CThreadSlotData@@QAEXPAUHINSTANCE__@@@Z	?AssignInstance@CThreadSlotData@@QAEXPAUHINSTANCE__@@@Z	EnterCriticalSection;LeaveCriticalSection
winapi	0x1d476a	153	named-untracked	?DeleteValues@CThreadSlotData@@QAEXPAUCThreadData@@PAUHINSTANCE__@@@Z	?DeleteValues@CThreadSlotData@@QAEXPAUCThreadData@@PAUHINSTANCE__@@@Z	EnterCriticalSection;LeaveCriticalSection;LocalFree;TlsSetValue
winapi	0x1d4803	89	named-untracked	?DeleteValues@CThreadSlotData@@QAEXPAUHINSTANCE__@@H@Z	?DeleteValues@CThreadSlotData@@QAEXPAUHINSTANCE__@@H@Z	EnterCriticalSection;LeaveCriticalSection;TlsGetValue
winapi	0x1d485c	119	named-untracked	?GetData@CThreadLocalObject@@QAEPAVCNoTrackObject@@P6GPAV2@XZ@Z	?GetData@CThreadLocalObject@@QAEPAVCNoTrackObject@@P6GPAV2@XZ@Z	TlsGetValue
winapi	0x1d48d3	45	named-untracked	?GetDataNA@CThreadLocalObject@@QAEPAVCNoTrackObject@@XZ	?GetDataNA@CThreadLocalObject@@QAEPAVCNoTrackObject@@XZ	TlsGetValue
winapi	0x1d4a18	60	greenfield	FUN_005d4a18	FUN_005d4a18	FreeLibrary
winapi	0x1d4c7e	155	named-untracked	??0AUX_DATA@@QAE@XZ	??0AUX_DATA@@QAE@XZ	GetProcessVersion;GetVersion
winapi	0x1d4d39	78	named-untracked	?AfxCriticalInit@@YGHXZ	?AfxCriticalInit@@YGHXZ	GetVersion;InitializeCriticalSection
winapi	0x1d4dd5	112	named-untracked	?AfxLockGlobals@@YGXH@Z	?AfxLockGlobals@@YGXH@Z	InitializeCriticalSection;LeaveCriticalSection
winapi	0x1d4e45	33	named-untracked	?AfxUnlockGlobals@@YGXH@Z	?AfxUnlockGlobals@@YGXH@Z	LeaveCriticalSection
winapi	0x1d4ee3	148	tracked	?Stub_1d4ee3@EngineLabelBacklog@@YAXXZ	?Stub_1d4ee3@EngineLabelBacklog@@YAXXZ	RegOpenKeyExA
winapi	0x1d4f77	70	tracked	?Stub_1d4f77@EngineLabelBacklog@@YAXXZ	?Stub_1d4f77@EngineLabelBacklog@@YAXXZ	RegCloseKey;RegCreateKeyExA
winapi	0x1d4fbd	108	tracked	?Stub_1d4fbd@EngineLabelBacklog@@YAXXZ	?Stub_1d4fbd@EngineLabelBacklog@@YAXXZ	GetPrivateProfileIntA;RegCloseKey;RegQueryValueExA
winapi	0x1d5029	274	tracked	?Stub_1d5029@EngineLabelBacklog@@YAXXZ	?Stub_1d5029@EngineLabelBacklog@@YAXXZ	GetPrivateProfileStringA;RegCloseKey
winapi	0x1d513b	283	tracked	?Stub_1d513b@EngineLabelBacklog@@YAXXZ	?Stub_1d513b@EngineLabelBacklog@@YAXXZ	RegCloseKey
winapi	0x1d6c4e	35	named-untracked	AfxPostQuitMessage	AfxPostQuitMessage	PostQuitMessage
winapi	0x1d6c71	79	named-untracked	~CWinThread	~CWinThread	CloseHandle
